init_x,init_y,init_z,init_j1,init_j2,init_j3,init_j4,init_j5,init_j6,tgt_x,tgt_y,tgt_z,tgt_j1,tgt_j2,tgt_j3,tgt_j4,tgt_j5,tgt_j6,contact_flag,contact_x,contact_y,contact_z,contact_j1,contact_j2,contact_j3,contact_j4,contact_j5,contact_j6,contact_orient_x_deg,contact_type,sensor_contact_side,sensor_contact_x,sensor_contact_y,sensor_contact_z,sensor_contact_j1,sensor_contact_j2,sensor_contact_j3,sensor_contact_j4,sensor_contact_j5,sensor_contact_j6
0.358396,0.023288,0.518860,-0.012746,-0.482378,-0.614250,-0.265178,-0.375517,-2.848809,0.490832,-0.016304,0.505137,-0.151155,0.017192,-1.071997,-0.545994,-0.462469,-2.614012,1,0.406471,0.008916,0.513878,-0.086729,-0.291942,-0.765629,-0.413419,-0.434106,-2.725837,-17.416766,L,right,0.406471,0.018916,0.513878,-0.022770,-0.296689,-0.752700,-0.261008,-0.423420,-2.858537
0.358838,-0.001136,0.479672,-0.147925,-0.419111,-0.556112,-0.468466,-0.530758,-2.700186,0.558691,0.017054,0.463334,-0.009219,0.271412,-1.250413,-0.198355,-0.489369,-2.920306,1,0.471564,0.009124,0.470457,-0.036964,-0.016666,-0.905804,-0.231964,-0.549414,-2.900203,-32.194532,S,right,0.471564,0.019124,0.470457,0.002276,-0.017923,-0.902169,-0.157190,-0.545708,-2.959944
0.318046,0.026356,0.451947,0.079547,-0.550663,-0.356023,-0.008640,-0.554011,-3.078673,0.563701,0.043349,0.506508,0.068798,0.243366,-1.338273,-0.042555,-0.366064,-3.047473,1,0.404751,0.032354,0.471205,0.074657,-0.243748,-0.665394,-0.017947,-0.551607,-3.071277,-38.020349,L,left,0.404751,0.022354,0.471205,0.021301,-0.245092,-0.665155,-0.118993,-0.553385,-2.991118
0.347981,0.023115,0.516268,-0.019385,-0.520672,-0.579401,-0.285047,-0.373807,-2.830711,0.481082,0.039253,0.468386,0.079114,0.018002,-0.935802,-0.009631,-0.542901,-3.077822,1,0.390391,0.028257,0.501011,0.050748,-0.341051,-0.669483,-0.076119,-0.451224,-3.020687,23.406460,L,left,0.390391,0.018257,0.501011,-0.019586,-0.340235,-0.674283,-0.235543,-0.456554,-2.884871
0.361476,0.018148,0.461833,0.000587,-0.389352,-0.509150,-0.154949,-0.567242,-2.963807,0.493379,-0.001986,0.466175,-0.073835,0.062642,-0.989489,-0.302236,-0.552959,-2.843812,1,0.453645,0.004079,0.464867,-0.057037,-0.065546,-0.833721,-0.259707,-0.575777,-2.881973,-13.691640,S,right,0.453645,0.014079,0.464867,-0.016189,-0.067541,-0.829083,-0.185111,-0.571310,-2.940431
0.349250,-0.006625,0.452991,-0.159887,-0.408021,-0.477131,-0.428500,-0.616107,-2.756238,0.488023,-0.014909,0.524603,-0.167300,-0.006425,-1.115035,-0.659121,-0.415582,-2.497387,1,0.438430,-0.011948,0.499011,-0.154295,-0.153163,-0.862030,-0.513633,-0.498020,-2.652304,20.573428,S,right,0.438430,-0.001948,0.499011,-0.109527,-0.159812,-0.848353,-0.420839,-0.487201,-2.730616
0.337874,-0.006620,0.444453,-0.164550,-0.436033,-0.427059,-0.423405,-0.637672,-2.766227,0.550065,-0.010981,0.451856,-0.090375,0.265013,-1.212003,-0.343385,-0.538079,-2.807153,1,0.422289,-0.008355,0.447398,-0.109693,-0.134991,-0.704602,-0.324260,-0.644491,-2.844758,20.431417,L,right,0.422289,0.001645,0.447398,-0.066686,-0.138926,-0.697723,-0.253322,-0.638214,-2.897345
0.347840,0.026510,0.489524,0.055607,-0.490118,-0.515109,-0.064359,-0.456230,-3.030882,0.488664,0.039813,0.531659,0.076931,-0.030636,-1.070913,-0.020327,-0.359198,-3.067280,1,0.427748,0.034059,0.513433,0.071990,-0.221193,-0.816451,-0.029359,-0.423191,-3.060088,-8.980918,L,right,0.427748,0.044059,0.513433,0.131935,-0.217301,-0.821292,0.115600,-0.424470,3.097553
0.336921,0.009795,0.436082,-0.047711,-0.431967,-0.393714,-0.218871,-0.645601,-2.924373,0.548198,0.050476,0.531459,0.103106,0.172915,-1.318027,0.060733,-0.316093,-3.141141,1,0.444665,0.030541,0.484720,0.051781,-0.127211,-0.824521,-0.065895,-0.509817,-3.031563,24.815323,M,right,0.444665,0.040541,0.484720,0.098253,-0.124769,-0.826821,0.028813,-0.509257,-3.109106
0.324672,0.000858,0.473853,-0.181907,-0.546713,-0.450169,-0.547729,-0.525611,-2.630175,0.548801,-0.016582,0.519701,-0.154074,0.203293,-1.365317,-0.691838,-0.376399,-2.455957,1,0.422600,-0.006762,0.493885,-0.136143,-0.204758,-0.790240,-0.462124,-0.508683,-2.699979,-11.376809,L,right,0.422600,0.003238,0.493885,-0.087630,-0.210711,-0.778020,-0.363453,-0.498133,-2.782265
0.366340,0.002794,0.438830,-0.077599,-0.319686,-0.496291,-0.263973,-0.660249,-2.893267,0.517468,-0.020164,0.483723,-0.140165,0.126963,-1.135520,-0.480958,-0.498141,-2.680956,1,0.429629,-0.006820,0.457630,-0.105639,-0.129187,-0.744603,-0.332813,-0.611135,-2.830907,-37.219733,M,right,0.429629,0.003180,0.457630,-0.062697,-0.133066,-0.737444,-0.258611,-0.604695,-2.887612
0.317181,-0.011835,0.444801,-0.235092,-0.514605,-0.379480,-0.553004,-0.635764,-2.661155,0.574702,0.005133,0.482151,-0.054353,0.306064,-1.362358,-0.339223,-0.424934,-2.789908,1,0.430120,-0.004393,0.461181,-0.097089,-0.134538,-0.750030,-0.323368,-0.598812,-2.835753,26.421997,M,right,0.430120,0.005607,0.461181,-0.053583,-0.138132,-0.743160,-0.246791,-0.592506,-2.894848
0.352689,0.024336,0.460224,0.044998,-0.421087,-0.477248,-0.072843,-0.563461,-3.028238,0.498378,-0.014831,0.441054,-0.106462,0.120832,-0.983159,-0.328930,-0.622180,-2.836319,1,0.432054,0.003000,0.449781,-0.059502,-0.111120,-0.734691,-0.244538,-0.628016,-2.902295,36.106328,M,right,0.432054,0.013000,0.449781,-0.016954,-0.113104,-0.730507,-0.172586,-0.623584,-2.956172
0.352946,0.022609,0.495731,0.011542,-0.478002,-0.544889,-0.168920,-0.443026,-2.940691,0.509832,-0.001097,0.435686,-0.058552,0.160395,-1.013914,-0.245546,-0.620364,-2.900278,1,0.421647,0.012228,0.469437,-0.028481,-0.182108,-0.723235,-0.210230,-0.564652,-2.919697,8.133229,M,left,0.421647,0.002228,0.469437,-0.075470,-0.179224,-0.729353,-0.296640,-0.570799,-2.851600
0.313986,-0.006148,0.443340,-0.200156,-0.532423,-0.358426,-0.496591,-0.624943,-2.703816,0.536343,0.049392,0.497788,0.099373,0.162386,-1.205018,0.037325,-0.418296,-3.117933,1,0.393912,0.013816,0.462911,-0.021494,-0.269001,-0.618141,-0.191945,-0.581399,-2.936257,-4.788329,S,right,0.393912,0.023816,0.462911,0.032758,-0.269536,-0.615610,-0.093614,-0.577395,-3.012703
0.339106,0.014087,0.492092,-0.079306,-0.524775,-0.509239,-0.378121,-0.453371,-2.760791,0.519805,0.034901,0.442410,0.055449,0.178803,-1.055974,-0.051690,-0.584081,-3.045559,1,0.437583,0.025430,0.465016,0.033249,-0.121407,-0.769256,-0.093514,-0.571868,-3.012452,-38.685591,M,right,0.437583,0.035430,0.465016,0.077623,-0.119760,-0.770373,-0.011956,-0.570579,-3.076172
0.328349,0.006098,0.466157,-0.118413,-0.526120,-0.429605,-0.400635,-0.538199,-2.759475,0.573824,0.021070,0.433362,0.006913,0.359791,-1.282718,-0.149069,-0.542343,-2.966156,1,0.480963,0.015406,0.445768,-0.006265,0.051435,-0.905682,-0.156838,-0.611778,-2.966816,-21.664368,S,right,0.480963,0.025406,0.445768,0.029642,0.051449,-0.904606,-0.094679,-0.609466,-3.013847
0.333067,0.023291,0.435161,0.048916,-0.447221,-0.376078,-0.058755,-0.638141,-3.042205,0.487257,-0.009651,0.442535,-0.092242,0.081959,-0.937527,-0.302502,-0.625263,-2.857423,1,0.398842,0.009238,0.438307,-0.033606,-0.202956,-0.600681,-0.190296,-0.665104,-2.948193,37.451852,M,right,0.398842,0.019238,0.438307,0.014483,-0.203869,-0.598247,-0.112828,-0.661387,-3.004062
0.378183,0.029474,0.447390,0.070607,-0.295994,-0.540858,-0.022989,-0.623945,-3.068353,0.516170,0.049527,0.512065,0.108837,0.081796,-1.146056,0.063550,-0.397109,-3.141391,1,0.432642,0.037388,0.472915,0.088353,-0.148614,-0.765075,0.008088,-0.547006,-3.091952,36.837118,M,left,0.432642,0.027388,0.472915,0.041661,-0.150659,-0.763450,-0.081070,-0.547935,-3.020978
0.320758,0.009495,0.481858,-0.135621,-0.582810,-0.446224,-0.490126,-0.478226,-2.667874,0.540021,-0.005956,0.507790,-0.106444,0.171808,-1.268027,-0.495605,-0.406981,-2.646078,1,0.390881,0.004553,0.490152,-0.094988,-0.318706,-0.666720,-0.375787,-0.503431,-2.772834,-33.191554,L,left,0.390881,-0.005447,0.490152,-0.150976,-0.311658,-0.680456,-0.487513,-0.516926,-2.680145
0.344398,-0.010010,0.447034,-0.179606,-0.412342,-0.455502,-0.449888,-0.638212,-2.745424,0.516480,-0.019301,0.461059,-0.125075,0.150191,-1.089239,-0.401980,-0.555699,-2.762449,1,0.410438,-0.013576,0.452416,-0.141589,-0.181032,-0.676690,-0.383931,-0.635779,-2.796678,-24.692581,M,right,0.410438,-0.003576,0.452416,-0.096666,-0.186385,-0.667794,-0.309224,-0.627594,-2.852712
0.359476,-0.018816,0.443914,-0.205676,-0.340679,-0.505531,-0.477368,-0.666366,-2.732347,0.514060,0.006825,0.514187,-0.066146,0.073506,-1.154755,-0.386941,-0.405270,-2.743976,1,0.410278,-0.010390,0.467008,-0.137803,-0.207948,-0.698509,-0.404312,-0.589654,-2.768828,-41.721125,L,right,0.410278,-0.000390,0.467008,-0.090819,-0.213442,-0.688782,-0.320865,-0.580518,-2.834030
0.341311,0.020657,0.470418,0.012516,-0.486519,-0.460578,-0.144155,-0.517774,-2.967989,0.556993,0.048955,0.446901,0.090073,0.291060,-1.224145,0.011750,-0.527624,-3.095006,1,0.459257,0.036132,0.457558,0.073808,-0.035999,-0.838767,-0.018534,-0.585989,-3.071214,33.199671,L,right,0.459257,0.046132,0.457558,0.113486,-0.032912,-0.842464,0.052798,-0.585901,-3.126264
0.326390,0.004184,0.456666,-0.121561,-0.516315,-0.405584,-0.385339,-0.570456,-2.779642,0.561783,0.047118,0.452484,0.083364,0.298101,-1.251408,-0.001548,-0.507375,-3.084245,1,0.446892,0.026163,0.454525,0.036526,-0.072705,-0.788279,-0.083692,-0.601207,-3.021723,-12.230247,S,right,0.446892,0.036163,0.454525,0.077853,-0.070995,-0.789685,-0.011031,-0.600027,-3.077104
0.363466,0.010433,0.447387,-0.039868,-0.351548,-0.495526,-0.212105,-0.623459,-2.926241,0.545809,0.027751,0.476935,0.023494,0.212781,-1.210045,-0.134198,-0.466835,-2.972256,1,0.485572,0.022030,0.467174,0.013153,0.032108,-0.950185,-0.136032,-0.546439,-2.976973,4.040249,M,left,0.485572,0.012030,0.467174,-0.024118,0.032857,-0.952909,-0.207029,-0.549546,-2.920320
0.373097,-0.004047,0.461472,-0.128997,-0.335124,-0.562413,-0.384283,-0.595237,-2.786381,0.492212,0.031230,0.442993,0.048613,0.091880,-0.945378,-0.061803,-0.608009,-3.038701,1,0.411939,0.007457,0.455446,-0.046537,-0.190596,-0.670437,-0.227689,-0.610932,-2.912509,38.890210,M,left,0.411939,-0.002543,0.455446,-0.093034,-0.187134,-0.676859,-0.307351,-0.617408,-2.852095
0.366113,-0.016252,0.451150,-0.191627,-0.332564,-0.535990,-0.469125,-0.641640,-2.731137,0.497425,-0.007345,0.528411,-0.139492,0.016886,-1.149036,-0.614803,-0.392057,-2.532562,1,0.431967,-0.011786,0.489896,-0.149103,-0.164847,-0.818893,-0.477282,-0.523621,-2.690747,37.976790,L,right,0.431967,-0.001786,0.489896,-0.104060,-0.171087,-0.806601,-0.388210,-0.513422,-2.764391
0.304257,0.016151,0.469639,-0.066806,-0.645233,-0.358800,-0.330978,-0.477798,-2.806201,0.509486,0.014920,0.465208,-0.013434,0.111731,-1.043473,-0.190567,-0.536403,-2.932037,1,0.388195,0.015648,0.467827,-0.014560,-0.298711,-0.606513,-0.184610,-0.562622,-2.939824,14.293509,M,left,0.388195,0.005648,0.467827,-0.070647,-0.295845,-0.612683,-0.287974,-0.569750,-2.858368
0.329091,0.012236,0.486543,-0.102378,-0.557162,-0.472834,-0.423676,-0.464795,-2.723202,0.570825,0.035697,0.524916,0.032481,0.252743,-1.407261,-0.168872,-0.310156,-2.930285,1,0.422337,0.021286,0.501345,0.002670,-0.226493,-0.777580,-0.182094,-0.462869,-2.931267,18.847162,S,right,0.422337,0.031286,0.501345,0.059423,-0.226202,-0.775397,-0.055350,-0.459658,-3.038636
0.360924,0.028615,0.492959,0.067961,-0.442296,-0.561543,-0.036395,-0.457090,-3.054643,0.510992,-0.009117,0.488622,-0.107339,0.094634,-1.105392,-0.418473,-0.484080,-2.731973,1,0.406209,0.017229,0.491650,-0.016039,-0.270406,-0.707408,-0.212080,-0.491684,-2.909068,-4.807696,M,right,0.406209,0.027229,0.491650,0.042526,-0.270929,-0.703961,-0.088371,-0.487312,-3.011996
0.374124,-0.008627,0.444710,-0.138166,-0.296977,-0.540283,-0.368495,-0.653869,-2.813153,0.508092,0.028298,0.436731,0.036581,0.151116,-1.001386,-0.082316,-0.611881,-3.023354,1,0.418333,0.003558,0.442077,-0.057095,-0.142613,-0.675569,-0.231867,-0.654445,-2.916081,-6.245109,M,right,0.418333,0.013558,0.442077,-0.012934,-0.144467,-0.671765,-0.159793,-0.650095,-2.968705
0.317419,0.010844,0.448761,-0.066252,-0.544485,-0.355727,-0.276530,-0.576776,-2.868751,0.561400,-0.010456,0.463875,-0.092936,0.286624,-1.281604,-0.378191,-0.493918,-2.768813,1,0.454584,-0.001131,0.457258,-0.074318,-0.048791,-0.828924,-0.281353,-0.600126,-2.869072,-17.224619,S,left,0.454584,-0.011131,0.457258,-0.113106,-0.044756,-0.836490,-0.348930,-0.606026,-2.817086
0.363540,0.008936,0.478855,-0.075071,-0.407259,-0.554152,-0.322420,-0.520370,-2.821176,0.537532,-0.016302,0.440932,-0.103658,0.242704,-1.146403,-0.344046,-0.582412,-2.815817,1,0.479509,-0.007886,0.453578,-0.092138,0.039286,-0.921378,-0.313771,-0.599960,-2.843567,7.677891,M,left,0.479509,-0.017886,0.453578,-0.127280,0.043721,-0.929741,-0.375158,-0.605440,-2.796132
0.346627,-0.016984,0.433543,-0.201708,-0.368862,-0.445593,-0.453819,-0.693429,-2.759181,0.550612,-0.013422,0.480708,-0.111228,0.234517,-1.265389,-0.442656,-0.467184,-2.707061,1,0.433842,-0.015461,0.453709,-0.137155,-0.104156,-0.760856,-0.380492,-0.627761,-2.797356,22.463662,L,right,0.433842,-0.005461,0.453709,-0.096210,-0.109145,-0.752207,-0.311511,-0.620658,-2.849525
0.379003,0.025256,0.511408,0.023980,-0.396350,-0.655484,-0.149471,-0.412753,-2.955103,0.514870,0.002208,0.451878,-0.052176,0.150029,-1.052688,-0.252313,-0.571531,-2.887178,1,0.456966,0.012031,0.477248,-0.028997,-0.074897,-0.861104,-0.221928,-0.534793,-2.906347,-0.802636,L,right,0.456966,0.022031,0.477248,0.013423,-0.075885,-0.857736,-0.139079,-0.531012,-2.973234
0.375602,0.009534,0.490802,-0.075620,-0.378574,-0.615603,-0.342860,-0.489549,-2.798173,0.576968,0.038876,0.497166,0.050490,0.296159,-1.383970,-0.091543,-0.374233,-3.004003,1,0.512965,0.029550,0.495143,0.031678,0.084810,-1.100012,-0.120518,-0.448165,-2.982615,-16.575166,S,right,0.512965,0.039550,0.495143,0.069946,0.086137,-1.100534,-0.032630,-0.446481,-3.057651
0.328417,-0.008678,0.446409,-0.194967,-0.475853,-0.407439,-0.483512,-0.629719,-2.715919,0.551993,0.049812,0.514981,0.096896,0.198285,-1.302848,0.036405,-0.356326,-3.118218,1,0.412261,0.013256,0.472125,-0.025990,-0.219233,-0.695033,-0.208591,-0.555516,-2.919824,-1.870806,L,left,0.412261,0.003256,0.472125,-0.075689,-0.216246,-0.701439,-0.301252,-0.562145,-2.846293
0.308808,0.009870,0.475790,-0.146858,-0.625925,-0.401654,-0.510763,-0.484118,-2.651148,0.529347,0.032736,0.465383,0.044608,0.174840,-1.123245,-0.079996,-0.513560,-3.020181,1,0.413507,0.020726,0.470849,0.012318,-0.213601,-0.694615,-0.135438,-0.556298,-2.978271,-26.214580,L,right,0.413507,0.030726,0.470849,0.063086,-0.212713,-0.694232,-0.039740,-0.554065,-3.054045
0.335914,0.022542,0.495601,0.005542,-0.547414,-0.495075,-0.190500,-0.424663,-2.920304,0.491526,0.045864,0.436361,0.099161,0.104398,-0.939407,0.025521,-0.625815,-3.104533,1,0.411394,0.033854,0.466867,0.079914,-0.212636,-0.681607,-0.007791,-0.566452,-3.079406,28.329781,L,right,0.411394,0.043854,0.466867,0.130046,-0.208787,-0.685898,0.084982,-0.567518,3.131053
0.364738,0.028814,0.444586,0.072427,-0.340717,-0.492508,-0.019795,-0.627542,-3.070786,0.508564,-0.011177,0.452073,-0.096662,0.134149,-1.036026,-0.330928,-0.582314,-2.826330,1,0.442099,0.007304,0.448613,-0.039498,-0.076948,-0.766978,-0.210568,-0.626479,-2.927833,-5.737813,L,left,0.442099,-0.002696,0.448613,-0.079948,-0.074219,-0.772270,-0.278627,-0.631316,-2.876904
0.309061,0.012813,0.450299,-0.059360,-0.586515,-0.332683,-0.272152,-0.557027,-2.868918,0.544873,0.042248,0.475105,0.071905,0.213769,-1.204403,-0.026799,-0.470185,-3.062975,1,0.428618,0.027736,0.462876,0.045652,-0.147800,-0.734496,-0.069863,-0.579423,-3.031290,16.286994,L,left,0.428618,0.017736,0.462876,-0.000033,-0.148119,-0.735497,-0.152555,-0.582026,-2.967124
0.358210,0.010496,0.501767,-0.102904,-0.457648,-0.592373,-0.441915,-0.446807,-2.703188,0.490017,0.022737,0.468274,0.015112,0.044777,-0.968828,-0.133618,-0.540310,-2.978407,1,0.420319,0.016264,0.485985,-0.016461,-0.212502,-0.744793,-0.205190,-0.511830,-2.917200,-43.567533,M,right,0.420319,0.026264,0.485985,0.035755,-0.213005,-0.741779,-0.098966,-0.507851,-3.004334
0.351541,0.018184,0.497089,-0.034305,-0.483778,-0.548722,-0.277871,-0.442349,-2.846395,0.553046,0.037303,0.482157,0.053007,0.231204,-1.249627,-0.072156,-0.443214,-3.023757,1,0.452342,0.027748,0.489619,0.036320,-0.108413,-0.860013,-0.100279,-0.494230,-3.002468,3.651467,L,left,0.452342,0.017748,0.489619,-0.009354,-0.108158,-0.862520,-0.195606,-0.497554,-2.923513
0.380032,-0.006440,0.477825,-0.152691,-0.333648,-0.620596,-0.461354,-0.551266,-2.711655,0.530698,0.027322,0.435648,0.030290,0.222239,-1.093428,-0.096050,-0.591469,-3.011675,1,0.441784,0.007398,0.460538,-0.043499,-0.098545,-0.782596,-0.229073,-0.590820,-2.908457,14.841331,M,left,0.441784,-0.002602,0.460538,-0.085181,-0.095478,-0.788716,-0.302776,-0.596333,-2.851522
0.324378,0.026333,0.448067,0.075151,-0.514098,-0.368943,-0.016323,-0.577697,-3.072833,0.575251,0.011317,0.458594,-0.026727,0.331957,-1.323094,-0.240060,-0.480694,-2.884120,1,0.440912,0.019358,0.452957,0.009142,-0.089883,-0.765040,-0.130427,-0.609446,-2.986692,-8.804781,L,right,0.440912,0.029358,0.452957,0.051219,-0.089214,-0.764808,-0.057316,-0.607370,-3.042078
0.339645,0.028729,0.441412,0.084769,-0.433225,-0.406994,0.001109,-0.620462,-3.086344,0.580941,0.051269,0.437736,0.090557,0.380495,-1.325239,0.012966,-0.515971,-3.096079,1,0.487976,0.042585,0.439152,0.089102,0.087652,-0.927320,0.008508,-0.621030,-3.091882,36.807570,S,left,0.487976,0.032585,0.439152,0.054428,0.085484,-0.924771,-0.050663,-0.621954,-3.047617
0.344083,-0.002849,0.466886,-0.161061,-0.455524,-0.487559,-0.467960,-0.564289,-2.709624,0.487189,-0.018050,0.492962,-0.148855,0.017854,-1.031590,-0.502023,-0.497049,-2.662242,1,0.404151,-0.009230,0.477831,-0.145815,-0.246011,-0.698736,-0.442527,-0.557369,-2.729084,16.406075,M,right,0.404151,0.000770,0.477831,-0.096031,-0.252178,-0.687434,-0.349692,-0.546573,-2.803671
0.325821,0.010154,0.492848,-0.146397,-0.574273,-0.490305,-0.546781,-0.451964,-2.610538,0.535605,0.041064,0.462189,0.070824,0.200424,-1.146887,-0.026863,-0.514364,-3.063599,1,0.458115,0.029646,0.473514,0.046301,-0.066146,-0.855757,-0.073168,-0.539880,-3.026915,-38.367375,L,right,0.458115,0.039646,0.473514,0.088399,-0.064057,-0.857676,0.008286,-0.538963,-3.092151
0.378792,0.020558,0.512368,-0.017993,-0.397069,-0.661397,-0.254827,-0.413585,-2.862715,0.487397,0.053146,0.443179,0.126126,0.082613,-0.934465,0.072918,-0.609981,-3.140660,1,0.416715,0.031937,0.488208,0.066707,-0.228039,-0.733382,-0.036136,-0.499519,-3.055720,-30.959249,S,right,0.416715,0.041937,0.488208,0.120899,-0.224628,-0.737028,0.076275,-0.500174,3.134787
0.366278,0.014203,0.518334,-0.096600,-0.444798,-0.655013,-0.476904,-0.399705,-2.661530,0.489556,0.010522,0.434247,-0.020942,0.098451,-0.926967,-0.175667,-0.638963,-2.955670,1,0.416819,0.012694,0.483861,-0.034246,-0.220969,-0.731108,-0.238403,-0.520111,-2.890846,-6.383240,L,right,0.416819,0.022694,0.483861,0.018021,-0.222267,-0.726832,-0.133637,-0.515173,-2.976389
0.294437,0.015938,0.439717,-0.026165,-0.634704,-0.266769,-0.204744,-0.568066,-2.924498,0.565877,0.030047,0.455304,0.030965,0.304668,-1.270377,-0.110894,-0.497397,-2.993861,1,0.408600,0.021872,0.446272,0.024497,-0.186226,-0.641960,-0.100046,-0.634691,-3.011471,-32.589038,S,right,0.408600,0.031872,0.446272,0.071906,-0.184799,-0.642737,-0.020515,-0.633237,-3.070329
0.344454,0.013729,0.475038,-0.049435,-0.479258,-0.484456,-0.273520,-0.511994,-2.860532,0.575415,0.006897,0.435620,-0.033527,0.362957,-1.296772,-0.229768,-0.537741,-2.900359,1,0.485379,0.009560,0.450986,-0.028380,0.057363,-0.930892,-0.200159,-0.595783,-2.931661,-26.848079,M,left,0.485379,-0.000440,0.450986,-0.063757,0.059471,-0.935526,-0.262513,-0.599546,-2.883705
0.310938,0.003537,0.465249,-0.173713,-0.594971,-0.389255,-0.522128,-0.533009,-2.654623,0.505267,0.016069,0.468135,-0.010045,0.094096,-1.030280,-0.185428,-0.531531,-2.935663,1,0.431857,0.011335,0.467045,-0.030315,-0.143239,-0.755408,-0.211376,-0.571501,-2.919688,-33.720659,L,left,0.431857,0.001335,0.467045,-0.074839,-0.140459,-0.761281,-0.292446,-0.577197,-2.856129
0.324839,0.027026,0.532470,0.096905,-0.632338,-0.543779,0.045229,-0.284831,-3.127506,0.533077,0.013414,0.515177,-0.041546,0.134059,-1.230267,-0.339349,-0.383545,-2.783149,1,0.425880,0.020421,0.524079,-0.018825,-0.238416,-0.837690,-0.267490,-0.396731,-2.849375,11.721195,S,right,0.425880,0.030421,0.524079,0.047068,-0.239600,-0.831167,-0.096638,-0.391485,-3.000254
0.359759,-0.002082,0.489217,-0.167285,-0.426676,-0.585063,-0.534733,-0.506525,-2.636081,0.496760,-0.010249,0.483300,-0.111214,0.054952,-1.039317,-0.406559,-0.509565,-2.747918,1,0.416133,-0.005443,0.486782,-0.127368,-0.219149,-0.751656,-0.427428,-0.527384,-2.734303,0.485789,S,right,0.416133,0.004557,0.486782,-0.078059,-0.224617,-0.740705,-0.330387,-0.517454,-2.813966
0.332273,0.022697,0.436584,0.044409,-0.454143,-0.375623,-0.066848,-0.631894,-3.035947,0.558385,0.018671,0.436287,0.001143,0.306951,-1.215330,-0.156351,-0.557417,-2.961743,1,0.470219,0.020241,0.436403,0.013497,0.034054,-0.853129,-0.116976,-0.644622,-2.999696,14.599164,L,right,0.470219,0.030241,0.436403,0.049901,0.034814,-0.853341,-0.056749,-0.642863,-3.043869
0.376977,-0.010300,0.437108,-0.138677,-0.269891,-0.538812,-0.356434,-0.680703,-2.828948,0.492610,-0.016728,0.465894,-0.125266,0.066828,-0.998708,-0.397860,-0.562360,-2.767443,1,0.425237,-0.012982,0.449122,-0.128702,-0.125954,-0.721374,-0.358203,-0.641950,-2.818151,-23.592237,S,left,0.425237,-0.022982,0.449122,-0.169644,-0.119770,-0.731432,-0.424896,-0.650093,-2.768537
0.332609,0.010657,0.438096,-0.045382,-0.455006,-0.382888,-0.218606,-0.633306,-2.922746,0.530549,0.015032,0.489060,-0.021657,0.149989,-1.167502,-0.241572,-0.454060,-2.879374,1,0.426307,0.012728,0.462221,-0.022705,-0.154314,-0.728000,-0.192709,-0.586316,-2.936263,-22.991708,M,left,0.426307,0.002728,0.462221,-0.067786,-0.151860,-0.733214,-0.273019,-0.591670,-2.874116
0.292160,0.017850,0.439053,-0.003710,-0.645211,-0.257269,-0.163851,-0.563846,-2.956428,0.529061,0.047194,0.499696,0.093813,0.135796,-1.176478,0.023620,-0.420099,-3.106007,1,0.418615,0.033514,0.471424,0.075279,-0.195268,-0.713115,-0.016748,-0.552356,-3.072236,1.738252,S,right,0.418615,0.043514,0.471424,0.124620,-0.191667,-0.717113,0.076669,-0.553126,3.136889
0.350819,0.000102,0.463207,-0.127937,-0.425706,-0.494175,-0.395289,-0.574252,-2.772400,0.512806,0.014021,0.491515,-0.025525,0.089422,-1.098507,-0.245950,-0.463030,-2.876777,1,0.443504,0.008066,0.479404,-0.048811,-0.121966,-0.818478,-0.261642,-0.534304,-2.873825,-10.124952,M,right,0.443504,0.018066,0.479404,-0.004016,-0.123801,-0.813625,-0.174090,-0.529441,-2.944662
0.320413,0.021061,0.433166,0.035286,-0.497328,-0.333066,-0.082241,-0.631769,-3.024510,0.540643,0.010870,0.466032,-0.028182,0.210626,-1.176612,-0.232108,-0.505429,-2.894070,1,0.399672,0.017393,0.444994,0.003778,-0.214777,-0.610111,-0.134008,-0.639744,-2.986698,8.715360,L,right,0.399672,0.027393,0.444994,0.053044,-0.214163,-0.609680,-0.051911,-0.637431,-3.047228
0.331817,0.028350,0.466309,0.087666,-0.518190,-0.423381,0.007102,-0.519120,-3.091288,0.550405,0.044141,0.446505,0.077250,0.269629,-1.192767,-0.013334,-0.537581,-3.074821,1,0.472574,0.038519,0.453557,0.079126,0.013901,-0.883918,-0.008912,-0.590682,-3.078665,31.091211,M,right,0.472574,0.048519,0.453557,0.116605,0.017092,-0.887940,0.058002,-0.590554,-3.130108
0.307035,0.011649,0.457248,-0.086620,-0.608221,-0.343791,-0.339182,-0.532326,-2.809496,0.566516,-0.004282,0.483725,-0.084044,0.280385,-1.335175,-0.405099,-0.435727,-2.733551,1,0.457019,0.002441,0.472552,-0.066553,-0.065514,-0.859263,-0.287865,-0.553248,-2.855549,-9.554872,M,right,0.457019,0.012441,0.472552,-0.025451,-0.067964,-0.853647,-0.210064,-0.548242,-2.917710
0.362316,0.011240,0.512921,-0.114618,-0.452651,-0.634926,-0.504454,-0.418039,-2.640539,0.523434,-0.019587,0.524540,-0.172851,0.116606,-1.270712,-0.719022,-0.393577,-2.434771,1,0.428730,-0.001467,0.517711,-0.133478,-0.210848,-0.862877,-0.530015,-0.438303,-2.622219,-5.210433,L,right,0.428730,0.008533,0.517711,-0.081066,-0.217554,-0.846707,-0.406585,-0.426001,-2.730309
0.341073,0.001036,0.474403,-0.150662,-0.482363,-0.491599,-0.472463,-0.532908,-2.697335,0.501268,0.047925,0.487898,0.105792,0.059172,-1.045636,0.047141,-0.474644,-3.125049,1,0.433473,0.028081,0.482187,0.043128,-0.161861,-0.780900,-0.082163,-0.519282,-3.018686,-1.718270,S,left,0.433473,0.018081,0.482187,-0.005035,-0.161878,-0.782818,-0.178281,-0.522428,-2.940511
0.312764,-0.012789,0.435983,-0.236756,-0.513840,-0.349477,-0.534537,-0.662757,-2.685671,0.575453,0.023327,0.459851,0.008606,0.329978,-1.321636,-0.164933,-0.474236,-2.946889,1,0.484960,0.010886,0.451629,-0.023838,0.054823,-0.929639,-0.192566,-0.593842,-2.937306,26.315608,S,right,0.484960,0.020886,0.451629,0.012027,0.054169,-0.927376,-0.128829,-0.591032,-2.986356
0.298294,0.030129,0.532177,0.036127,-0.743971,-0.479718,-0.200686,-0.241529,-2.895826,0.488478,-0.009583,0.502196,-0.124335,0.007646,-1.045979,-0.475988,-0.465490,-2.677254,1,0.377296,0.013633,0.519723,-0.089809,-0.404954,-0.689119,-0.454985,-0.402123,-2.681964,-28.810218,L,left,0.377296,0.003633,0.519723,-0.161335,-0.395076,-0.713046,-0.628918,-0.423034,-2.527572
0.369038,0.033020,0.495179,0.099876,-0.412427,-0.591891,0.035521,-0.456600,-3.115653,0.545796,-0.013717,0.516442,-0.140944,0.191696,-1.333264,-0.631450,-0.385177,-2.515235,1,0.462519,0.008302,0.506425,-0.060710,-0.091512,-0.937724,-0.334410,-0.452286,-2.798766,34.149118,L,right,0.462519,0.018302,0.506425,-0.014640,-0.094278,-0.929828,-0.229049,-0.446254,-2.889204
0.368389,0.004766,0.494077,-0.118900,-0.406336,-0.609407,-0.445513,-0.483659,-2.708347,0.562251,0.030990,0.458171,0.034048,0.289345,-1.257424,-0.104954,-0.494767,-2.998622,1,0.479471,0.019792,0.473503,0.003628,0.003319,-0.936407,-0.158003,-0.532703,-2.958050,-25.495892,L,right,0.479471,0.029792,0.473503,0.042589,0.003630,-0.935373,-0.081674,-0.530299,-3.019622
0.336354,0.019017,0.500762,-0.049811,-0.549388,-0.515615,-0.335080,-0.415394,-2.792012,0.531598,-0.010519,0.498885,-0.115747,0.153193,-1.215715,-0.481009,-0.440587,-2.666913,1,0.425181,0.005579,0.499908,-0.079946,-0.210099,-0.796952,-0.360127,-0.478715,-2.781307,39.705625,S,right,0.425181,0.015579,0.499908,-0.027540,-0.213759,-0.787821,-0.246672,-0.470723,-2.877180
0.379342,0.021327,0.484458,0.011257,-0.359229,-0.604805,-0.151167,-0.501170,-2.960792,0.494398,0.030517,0.438438,0.046124,0.106291,-0.948843,-0.065108,-0.619052,-3.036674,1,0.451362,0.027080,0.455652,0.039368,-0.059942,-0.806052,-0.079287,-0.596038,-3.024817,22.394430,S,left,0.451362,0.017080,0.455652,-0.001336,-0.060172,-0.806971,-0.151145,-0.598461,-2.969827
0.377155,-0.002756,0.452954,-0.111453,-0.305578,-0.558302,-0.337880,-0.621953,-2.829303,0.510951,0.002608,0.495003,-0.069359,0.082699,-1.105798,-0.348899,-0.460544,-2.787625,1,0.439125,-0.000271,0.472430,-0.082556,-0.123698,-0.797014,-0.315146,-0.560916,-2.834804,-9.929593,L,right,0.439125,0.009729,0.472430,-0.038828,-0.126836,-0.790374,-0.233466,-0.554875,-2.899767
0.360810,-0.010614,0.453440,-0.169766,-0.361415,-0.517275,-0.440650,-0.625177,-2.749030,0.559679,-0.014870,0.518028,-0.146713,0.240918,-1.410498,-0.687883,-0.366269,-2.457082,1,0.442407,-0.012360,0.479941,-0.137353,-0.117115,-0.834234,-0.432032,-0.548479,-2.735609,34.179881,M,right,0.442407,-0.002360,0.479941,-0.095034,-0.122546,-0.823734,-0.351646,-0.540034,-2.800704
0.339099,0.020314,0.493177,-0.015664,-0.530227,-0.501410,-0.235032,-0.439125,-2.883169,0.567077,0.013627,0.498900,-0.034550,0.262557,-1.350509,-0.315154,-0.389368,-2.805784,1,0.427200,0.017730,0.495389,-0.013171,-0.201511,-0.784669,-0.209390,-0.483004,-2.910308,-1.353577,M,left,0.427200,0.007730,0.495389,-0.064524,-0.198680,-0.792051,-0.318208,-0.489795,-2.819225
0.374538,0.026164,0.452674,0.052307,-0.321084,-0.535986,-0.055667,-0.604281,-3.043216,0.521261,-0.005181,0.485866,-0.090500,0.129183,-1.138255,-0.383168,-0.480072,-2.761695,1,0.435381,0.013166,0.466438,-0.021550,-0.130674,-0.766131,-0.194902,-0.571924,-2.932772,23.194487,L,left,0.435381,0.003166,0.466438,-0.065529,-0.128290,-0.771385,-0.275020,-0.577138,-2.870017
0.318721,0.018811,0.446111,0.009475,-0.535706,-0.349027,-0.135691,-0.579859,-2.980081,0.563161,0.035653,0.488760,0.044309,0.257318,-1.305389,-0.098422,-0.414309,-2.999786,1,0.416586,0.025554,0.463186,0.037721,-0.189756,-0.692991,-0.084286,-0.579444,-3.020081,11.792533,M,right,0.416586,0.035554,0.463186,0.086188,-0.187794,-0.694436,0.003757,-0.578455,-3.088431
0.376490,0.003760,0.442892,-0.069963,-0.291057,-0.534862,-0.255057,-0.649207,-2.897939,0.579461,0.004190,0.440595,-0.042535,0.369737,-1.323235,-0.255248,-0.520383,-2.876976,1,0.466917,0.003951,0.441869,-0.047383,0.015453,-0.851202,-0.221280,-0.635723,-2.921091,20.192409,L,right,0.466917,0.013951,0.441869,-0.010476,0.014009,-0.847886,-0.159494,-0.632388,-2.966994
0.327842,0.005344,0.437517,-0.087065,-0.471340,-0.371311,-0.288838,-0.636490,-2.870102,0.537194,0.012279,0.465234,-0.023287,0.200373,-1.159946,-0.219702,-0.510781,-2.905065,1,0.462526,0.009805,0.455348,-0.029831,-0.022644,-0.849879,-0.202400,-0.596991,-2.930081,-40.198412,M,left,0.462526,-0.000195,0.455348,-0.068226,-0.020325,-0.854807,-0.269852,-0.601335,-2.878284
0.330551,-0.009531,0.458244,-0.214515,-0.487564,-0.441972,-0.546978,-0.597044,-2.653080,0.481709,0.039024,0.459403,0.078209,0.033641,-0.926127,-0.010918,-0.568220,-3.076966,1,0.435383,0.024143,0.459048,0.028979,-0.118789,-0.753040,-0.098473,-0.590930,-3.009773,2.835426,M,left,0.435383,0.014143,0.459048,-0.014717,-0.118510,-0.754859,-0.176137,-0.593983,-2.950060
0.376300,-0.013418,0.446779,-0.162490,-0.289747,-0.555826,-0.410740,-0.653061,-2.780385,0.499786,-0.016557,0.469436,-0.124493,0.084895,-1.032790,-0.406592,-0.547379,-2.756633,1,0.452026,-0.015343,0.460673,-0.132143,-0.056221,-0.836584,-0.386978,-0.600545,-2.785504,14.003472,L,left,0.452026,-0.025343,0.460673,-0.170009,-0.050033,-0.847413,-0.452468,-0.608341,-2.734732
0.297531,0.004726,0.449031,-0.160176,-0.628966,-0.312659,-0.465397,-0.565269,-2.712043,0.568897,0.013067,0.500907,-0.037883,0.267299,-1.363852,-0.330312,-0.382150,-2.791083,1,0.403669,0.007988,0.469321,-0.053249,-0.243629,-0.664406,-0.256368,-0.566540,-2.883152,21.763882,M,left,0.403669,-0.002012,0.469321,-0.103661,-0.239421,-0.672470,-0.348308,-0.574705,-2.810729
0.310603,0.016525,0.473485,-0.058573,-0.622749,-0.383618,-0.315209,-0.473379,-2.818968,0.556655,0.012210,0.515164,-0.048759,0.214789,-1.338184,-0.382637,-0.360369,-2.740139,1,0.406838,0.014838,0.489787,-0.028385,-0.265083,-0.707437,-0.235273,-0.499113,-2.890589,-23.698440,S,left,0.406838,0.004838,0.489787,-0.083453,-0.261350,-0.716079,-0.348056,-0.507517,-2.797190
0.298949,0.020757,0.477986,-0.028955,-0.685710,-0.357088,-0.271641,-0.431184,-2.850265,0.550188,0.035324,0.433099,0.051483,0.287140,-1.175426,-0.059840,-0.573153,-3.038837,1,0.398740,0.026543,0.460157,0.046942,-0.246905,-0.627636,-0.066737,-0.587093,-3.034047,-12.518749,L,right,0.398740,0.036543,0.460157,0.099410,-0.244391,-0.629746,0.027449,-0.586705,-3.106680
0.368458,0.013332,0.486085,-0.048826,-0.401058,-0.579568,-0.280694,-0.495592,-2.851948,0.560185,0.024515,0.511956,-0.001682,0.226097,-1.336159,-0.244171,-0.360028,-2.865968,1,0.438175,0.017398,0.495492,-0.014172,-0.163753,-0.822962,-0.211711,-0.482656,-2.908311,-1.227742,L,right,0.438175,0.027398,0.495492,0.035866,-0.164254,-0.819721,-0.104241,-0.478799,-2.998275
0.305841,0.003880,0.449125,-0.148128,-0.590820,-0.334575,-0.433644,-0.575683,-2.741241,0.481672,0.008220,0.508132,-0.059068,-0.029279,-1.012277,-0.339301,-0.440188,-2.792416,1,0.375164,0.005591,0.472390,-0.081876,-0.351372,-0.579944,-0.319231,-0.550671,-2.829514,-44.168497,S,right,0.375164,0.015591,0.472390,-0.019815,-0.354996,-0.572252,-0.201305,-0.541806,-2.923978
0.332766,0.028461,0.485975,0.089046,-0.547020,-0.463363,0.011246,-0.450322,-3.095094,0.560302,0.041371,0.463126,0.065912,0.278192,-1.256208,-0.038976,-0.482960,-3.053010,1,0.403863,0.032495,0.478835,0.075439,-0.259276,-0.674656,-0.017162,-0.526810,-3.071640,10.910986,M,left,0.403863,0.022495,0.478835,0.019734,-0.260557,-0.674676,-0.127107,-0.528741,-2.982758
0.334657,0.022856,0.446175,0.042420,-0.466316,-0.397793,-0.073687,-0.597741,-3.029191,0.525713,0.034633,0.473950,0.050829,0.152201,-1.119962,-0.069840,-0.493878,-3.027687,1,0.397384,0.026723,0.455294,0.048943,-0.242634,-0.615989,-0.061685,-0.602880,-3.038582,-16.466259,L,left,0.397384,0.016723,0.455294,-0.002809,-0.242957,-0.617044,-0.152142,-0.605689,-2.969779
0.376321,-0.004242,0.488442,-0.157532,-0.362879,-0.631926,-0.501839,-0.517165,-2.667787,0.536267,0.022634,0.515671,-0.006288,0.142207,-1.237386,-0.247202,-0.375463,-2.864951,1,0.450662,0.008249,0.501098,-0.059646,-0.125599,-0.884289,-0.319622,-0.470317,-2.814657,-3.140826,L,right,0.450662,0.018249,0.501098,-0.012355,-0.128231,-0.876989,-0.215471,-0.464248,-2.902975
0.301772,0.004718,0.436005,-0.124674,-0.582811,-0.293553,-0.365809,-0.613699,-2.805507,0.537298,0.049398,0.507973,0.099842,0.155388,-1.226299,0.041102,-0.390054,-3.121790,1,0.448918,0.032632,0.480967,0.060664,-0.107213,-0.833977,-0.046934,-0.519936,-3.047374,37.260423,S,right,0.448918,0.042632,0.480967,0.105524,-0.104443,-0.836921,0.042843,-0.519689,-3.120334
0.341813,0.025901,0.473045,0.057754,-0.488817,-0.465624,-0.054005,-0.506821,-3.041209,0.548639,0.054013,0.453865,0.108039,0.256704,-1.197860,0.047855,-0.519988,-3.124401,1,0.429569,0.037829,0.464907,0.091487,-0.145803,-0.742692,0.013522,-0.572225,-3.096066,-30.543950,L,right,0.429569,0.047829,0.464907,0.136965,-0.141715,-0.747616,0.096927,-0.573339,3.122029
0.353618,0.025510,0.498995,0.038428,-0.479885,-0.551902,-0.108868,-0.431029,-2.991602,0.530837,0.038227,0.433248,0.064055,0.227914,-1.092934,-0.035534,-0.595932,-3.058324,1,0.430376,0.031018,0.470519,0.059493,-0.154017,-0.752112,-0.046460,-0.555002,-3.048749,11.979516,M,left,0.430376,0.021018,0.470519,0.012793,-0.154850,-0.752437,-0.134350,-0.557168,-2.979208
0.340970,0.026678,0.528006,-0.007384,-0.559783,-0.586481,-0.287127,-0.326441,-2.822957,0.566596,0.040402,0.445914,0.062461,0.320822,-1.263639,-0.043467,-0.518246,-3.050149,1,0.417962,0.031362,0.499993,0.061571,-0.239828,-0.758180,-0.050178,-0.463149,-3.043113,-44.380979,S,left,0.417962,0.021362,0.499993,0.003787,-0.240200,-0.760215,-0.178336,-0.466300,-2.934797
0.375754,0.016034,0.506851,-0.049289,-0.400560,-0.645147,-0.320134,-0.433529,-2.808130,0.562636,0.051106,0.508830,0.097738,0.239912,-1.340395,0.038383,-0.360431,-3.119924,1,0.484427,0.036428,0.508002,0.064468,-0.022598,-1.010044,-0.047028,-0.428437,-3.044909,-13.017612,M,right,0.484427,0.046428,0.508002,0.108867,-0.019690,-1.013477,0.059266,-0.428144,-3.136698
0.345707,0.013636,0.473816,-0.047829,-0.472166,-0.485692,-0.267589,-0.517285,-2.866287,0.538051,-0.020536,0.497487,-0.146739,0.182153,-1.255809,-0.557376,-0.444392,-2.598963,1,0.416366,0.001083,0.482512,-0.091944,-0.216340,-0.736413,-0.349621,-0.533089,-2.800966,-2.596578,M,right,0.416366,0.011083,0.482512,-0.041820,-0.220189,-0.728167,-0.251618,-0.525215,-2.880685
0.325005,-0.008019,0.442172,-0.190455,-0.482000,-0.388061,-0.468210,-0.639892,-2.731333,0.552818,0.036111,0.482656,0.049021,0.229731,-1.249258,-0.081560,-0.442374,-3.015665,1,0.449412,0.016080,0.464280,-0.007766,-0.080763,-0.812205,-0.168808,-0.573755,-2.953550,-25.366573,M,left,0.449412,0.006080,0.464280,-0.049330,-0.079071,-0.816339,-0.244459,-0.578010,-2.894424
0.282977,0.012055,0.452781,-0.134904,-0.713085,-0.275197,-0.454549,-0.514170,-2.707905,0.561994,0.047537,0.460807,0.084582,0.288037,-1.262789,0.000982,-0.485930,-3.086331,1,0.385279,0.025065,0.455724,0.042791,-0.287416,-0.575967,-0.072955,-0.598443,-3.029785,-41.052754,M,right,0.385279,0.035065,0.455724,0.098424,-0.284954,-0.577869,0.025252,-0.597996,-3.104801
0.347785,-0.007664,0.460515,-0.177488,-0.426082,-0.490398,-0.477196,-0.593964,-2.710342,0.576907,0.050127,0.531794,0.090776,0.271957,-1.450810,0.023779,-0.281902,-3.107617,1,0.487460,0.027566,0.503967,0.025865,-0.009017,-1.014885,-0.136223,-0.440169,-2.968599,13.570185,L,right,0.487460,0.037566,0.503967,0.068888,-0.007885,-1.014749,-0.035679,-0.438280,-3.054893
0.372033,-0.000348,0.487208,-0.137638,-0.380384,-0.610488,-0.461661,-0.512934,-2.701448,0.541943,-0.003383,0.487335,-0.083510,0.194624,-1.228176,-0.386784,-0.455146,-2.753549,1,0.438974,-0.001544,0.487258,-0.097856,-0.144161,-0.825004,-0.370768,-0.519440,-2.780429,2.860096,L,right,0.438974,0.008456,0.487258,-0.052290,-0.148192,-0.816226,-0.279506,-0.511960,-2.855536
0.378613,0.019368,0.501543,-0.015480,-0.385044,-0.637751,-0.230321,-0.447694,-2.888278,0.557538,0.031486,0.519824,0.021934,0.210333,-1.335990,-0.186141,-0.340256,-2.916718,1,0.484266,0.026523,0.512338,0.018960,-0.028530,-1.018244,-0.159949,-0.418420,-2.946388,-27.273019,S,left,0.484266,0.016523,0.512338,-0.025751,-0.027232,-1.023684,-0.268923,-0.422624,-2.851486
0.342023,0.023794,0.526594,-0.063572,-0.550227,-0.599949,-0.452142,-0.341340,-2.672776,0.491966,0.017494,0.483596,-0.008866,0.030487,-1.000789,-0.194469,-0.497844,-2.924492,1,0.416197,0.020678,0.505324,-0.003361,-0.252861,-0.765082,-0.200885,-0.450225,-2.913906,9.076444,S,right,0.416197,0.030678,0.505324,0.057151,-0.252890,-0.762032,-0.062108,-0.446471,-3.032469
0.366398,0.011622,0.487455,-0.063945,-0.410045,-0.578183,-0.315571,-0.492023,-2.821854,0.524233,-0.009741,0.448353,-0.088202,0.188013,-1.094388,-0.318255,-0.575931,-2.835214,1,0.471798,-0.002644,0.461343,-0.078072,0.000852,-0.899808,-0.296927,-0.580594,-2.853180,30.594068,M,left,0.471798,-0.012644,0.461343,-0.114951,0.004965,-0.907796,-0.363161,-0.586295,-2.801290
0.367057,-0.003830,0.433751,-0.109965,-0.302565,-0.495929,-0.308350,-0.683615,-2.865194,0.564762,0.027838,0.437872,0.026802,0.324789,-1.245068,-0.110427,-0.542921,-2.997221,1,0.476586,0.013714,0.436034,-0.010200,0.054806,-0.877942,-0.156755,-0.642963,-2.970171,9.827882,L,right,0.476586,0.023714,0.436034,0.025399,0.054709,-0.876813,-0.097734,-0.640678,-3.013586
0.364253,-0.002964,0.475350,-0.146828,-0.391054,-0.563862,-0.451441,-0.548555,-2.719302,0.482649,0.026748,0.449438,0.033767,0.050701,-0.915479,-0.089019,-0.597608,-3.017445,1,0.415026,0.009777,0.464238,-0.038904,-0.195866,-0.693382,-0.223685,-0.582123,-2.911428,8.280260,M,right,0.415026,0.019777,0.464238,0.009537,-0.197171,-0.689804,-0.136040,-0.577638,-2.979615
0.336218,0.029477,0.501616,0.101866,-0.553503,-0.505887,0.045127,-0.401641,-3.125088,0.540218,-0.005156,0.463358,-0.077903,0.216724,-1.180810,-0.329383,-0.518582,-2.815019,1,0.466912,0.007289,0.477106,-0.047422,-0.040881,-0.899998,-0.259178,-0.533596,-2.875735,-40.821836,S,left,0.466912,-0.002711,0.477106,-0.087159,-0.037576,-0.907224,-0.336167,-0.539276,-2.813367
0.378666,0.011233,0.479121,-0.051109,-0.351309,-0.598913,-0.270446,-0.525361,-2.865184,0.569880,0.033810,0.521589,0.026682,0.251715,-1.396597,-0.182063,-0.320563,-2.918907,1,0.483068,0.023560,0.502308,0.009810,-0.021659,-0.996247,-0.171108,-0.448188,-2.939272,-27.164589,M,right,0.483068,0.033560,0.502308,0.053011,-0.021224,-0.994745,-0.071776,-0.445662,-3.024176
0.363123,0.021067,0.465155,0.018808,-0.389252,-0.519088,-0.123306,-0.555515,-2.987848,0.503525,0.012402,0.480095,-0.026907,0.073138,-1.042873,-0.231092,-0.501540,-2.894403,1,0.454919,0.015402,0.474923,-0.013986,-0.078830,-0.848507,-0.190230,-0.540809,-2.932815,23.669124,L,right,0.454919,0.025402,0.474923,0.028612,-0.079186,-0.846257,-0.107879,-0.537629,-2.998916
0.356233,0.029818,0.508027,0.081512,-0.480134,-0.577684,-0.006613,-0.402871,-3.079719,0.515404,0.031323,0.462247,0.042799,0.134776,-1.061355,-0.080555,-0.535433,-3.020775,1,0.413582,0.030360,0.491532,0.058610,-0.244096,-0.728361,-0.054014,-0.488793,-3.040642,-16.539056,M,right,0.413582,0.040360,0.491532,0.114968,-0.240993,-0.731418,0.065289,-0.489102,-3.139747
0.327468,0.016190,0.454919,-0.018104,-0.515312,-0.392527,-0.191929,-0.560576,-2.933761,0.560911,0.029228,0.525584,0.008747,0.218147,-1.365274,-0.238900,-0.321786,-2.866815,1,0.490774,0.025311,0.504353,0.015647,0.001547,-1.028902,-0.161005,-0.438047,-2.947083,-24.331290,M,left,0.490774,0.015311,0.504353,-0.026303,0.002752,-1.033733,-0.258927,-0.441993,-2.862803
0.363311,0.019251,0.532039,-0.094613,-0.467848,-0.683337,-0.535023,-0.353882,-2.598121,0.543269,0.030832,0.504107,0.028381,0.175473,-1.242510,-0.143637,-0.397152,-2.959102,1,0.428752,0.023462,0.521881,0.002651,-0.227002,-0.839686,-0.208491,-0.401442,-2.902222,43.222016,L,right,0.428752,0.033462,0.521881,0.066711,-0.226905,-0.836199,-0.044663,-0.397918,-3.046265
0.368286,-0.001370,0.455080,-0.112077,-0.343248,-0.532740,-0.344637,-0.610703,-2.821516,0.557195,-0.006555,0.463705,-0.081380,0.271573,-1.258359,-0.349775,-0.498136,-2.793912,1,0.467166,-0.004084,0.459595,-0.083725,-0.010841,-0.880845,-0.303578,-0.588844,-2.849446,-34.174286,S,left,0.467166,-0.014084,0.459595,-0.120890,-0.006525,-0.889041,-0.369450,-0.594741,-2.798174
0.352053,-0.017942,0.437946,-0.204383,-0.356939,-0.471029,-0.465070,-0.682185,-2.746980,0.525573,0.011632,0.471702,-0.026994,0.154929,-1.120347,-0.229479,-0.505759,-2.896301,1,0.423175,-0.005821,0.451782,-0.100832,-0.141106,-0.712261,-0.315729,-0.629331,-2.848058,4.434291,L,left,0.423175,-0.015821,0.451782,-0.143212,-0.135834,-0.721136,-0.386150,-0.636936,-2.795240
0.341156,0.028019,0.459018,0.078140,-0.464988,-0.439331,-0.011254,-0.556389,-3.076620,0.563010,0.005068,0.507528,-0.069063,0.244934,-1.359219,-0.425781,-0.375945,-2.703418,1,0.412636,0.020624,0.474648,0.010605,-0.222794,-0.697762,-0.141453,-0.544261,-2.972443,-29.824311,M,right,0.412636,0.030624,0.474648,0.062474,-0.221983,-0.697169,-0.041722,-0.541888,-3.052162
0.337122,0.017937,0.460070,-0.003992,-0.484657,-0.430160,-0.167638,-0.551717,-2.952170,0.561071,0.018445,0.481421,-0.010283,0.258218,-1.287945,-0.221786,-0.439942,-2.894744,1,0.431365,0.018151,0.469055,-0.000070,-0.149020,-0.754323,-0.157348,-0.562540,-2.961450,-31.957726,S,left,0.431365,0.008151,0.469055,-0.045621,-0.147412,-0.758470,-0.241687,-0.567148,-2.894977
0.333192,0.010875,0.489410,-0.114200,-0.542458,-0.493793,-0.453401,-0.463442,-2.696743,0.558936,0.008659,0.513388,-0.060594,0.225301,-1.349237,-0.414296,-0.364026,-2.711765,1,0.457222,0.009658,0.502584,-0.052831,-0.105652,-0.909441,-0.308297,-0.463583,-2.823291,-12.826064,L,right,0.457222,0.019658,0.502584,-0.006321,-0.107995,-0.902579,-0.204454,-0.457948,-2.911677
0.348665,-0.013992,0.433107,-0.182089,-0.362963,-0.447256,-0.422605,-0.691227,-2.782183,0.509684,-0.007598,0.483121,-0.099031,0.095714,-1.087857,-0.388306,-0.498457,-2.761097,1,0.429379,-0.010787,0.458177,-0.122790,-0.128937,-0.748109,-0.363027,-0.612560,-2.807436,-18.510932,M,right,0.429379,-0.000787,0.458177,-0.080218,-0.133489,-0.739969,-0.289705,-0.605486,-2.863526
0.348953,0.000809,0.442916,-0.104002,-0.394459,-0.449264,-0.316821,-0.639235,-2.849307,0.495320,0.004048,0.452896,-0.047693,0.086692,-0.974540,-0.238796,-0.585048,-2.899969,1,0.422472,0.002436,0.447929,-0.063424,-0.139541,-0.698662,-0.248488,-0.636107,-2.900639,43.588261,M,right,0.422472,0.012436,0.447929,-0.019428,-0.141684,-0.694309,-0.174923,-0.631406,-2.955328
0.301699,0.021673,0.450614,0.036069,-0.624876,-0.304583,-0.094083,-0.533034,-3.009749,0.503578,0.045005,0.465751,0.093122,0.095118,-1.021517,0.017567,-0.534346,-3.099635,1,0.401667,0.033227,0.458110,0.080838,-0.231334,-0.635563,-0.005831,-0.593792,-3.081045,-31.543943,S,left,0.401667,0.023227,0.458110,0.029574,-0.233049,-0.634585,-0.096812,-0.595061,-3.011312
0.285418,0.019526,0.465394,-0.048171,-0.731040,-0.295044,-0.304955,-0.451849,-2.824308,0.550453,0.015950,0.448974,-0.008621,0.263994,-1.195096,-0.181111,-0.536320,-2.939693,1,0.383424,0.018204,0.459322,0.003321,-0.301279,-0.576175,-0.145176,-0.587737,-2.973410,7.321618,M,right,0.383424,0.028204,0.459322,0.060498,-0.300619,-0.575380,-0.042520,-0.585068,-3.052677
0.313109,-0.001279,0.443328,-0.165518,-0.541831,-0.348405,-0.440698,-0.613333,-2.745662,0.508751,0.024492,0.516551,0.004858,0.049117,-1.123032,-0.206467,-0.393971,-2.903267,1,0.375838,0.006984,0.466806,-0.068398,-0.340249,-0.570247,-0.284798,-0.567362,-2.860496,38.976772,S,left,0.375838,-0.003016,0.466806,-0.126025,-0.334703,-0.580150,-0.389012,-0.578318,-2.778498
0.321867,0.022552,0.496315,-0.007842,-0.607702,-0.458376,-0.234283,-0.404054,-2.879709,0.547844,0.035465,0.521516,0.040035,0.175952,-1.294150,-0.129852,-0.345059,-2.968125,1,0.427291,0.028576,0.508072,0.040837,-0.217425,-0.804811,-0.101066,-0.440311,-2.998830,39.362429,M,right,0.427291,0.038576,0.508072,0.098881,-0.215228,-0.806199,0.034484,-0.439472,-3.115088
0.313926,0.024505,0.489793,0.040182,-0.635530,-0.417548,-0.109811,-0.409700,-2.989598,0.548244,0.043673,0.451977,0.076253,0.255004,-1.189481,-0.015568,-0.526254,-3.072924,1,0.422859,0.033416,0.472213,0.073212,-0.181941,-0.728916,-0.020746,-0.549914,-3.069034,23.297782,L,right,0.422859,0.043416,0.472213,0.121724,-0.178470,-0.732758,0.071483,-0.550515,3.140889
0.313072,0.013973,0.470859,-0.078675,-0.605716,-0.388118,-0.348824,-0.490739,-2.793304,0.522568,0.038302,0.439181,0.065875,0.193047,-1.064571,-0.032626,-0.589386,-3.060411,1,0.459285,0.030953,0.448750,0.053918,-0.021855,-0.826761,-0.052215,-0.612657,-3.046130,5.005307,M,left,0.459285,0.020953,0.448750,0.015041,-0.022695,-0.826592,-0.119268,-0.614486,-2.995576
0.373390,0.037298,0.433462,0.115622,-0.280296,-0.509018,0.050306,-0.671930,-3.121406,0.563213,0.001065,0.513455,-0.088145,0.243969,-1.381628,-0.500803,-0.362721,-2.631800,1,0.479194,0.017102,0.478049,-0.008179,-0.003730,-0.943051,-0.185139,-0.520837,-2.934726,29.513173,L,left,0.479194,0.007102,0.478049,-0.047183,-0.001995,-0.947745,-0.262627,-0.524985,-2.871578
0.330642,0.025976,0.433547,0.069979,-0.452916,-0.366281,-0.023485,-0.641605,-3.068265,0.534438,0.007057,0.436021,-0.032198,0.233998,-1.113243,-0.208582,-0.590781,-2.924452,1,0.415792,0.018071,0.434581,0.008929,-0.138016,-0.652732,-0.120040,-0.673138,-2.999829,-42.947978,L,left,0.415792,0.008071,0.434581,-0.035086,-0.137066,-0.655122,-0.189915,-0.676545,-2.950001
0.366564,-0.001839,0.492427,-0.161259,-0.405355,-0.611460,-0.528210,-0.499558,-2.639889,0.562583,-0.002954,0.438181,-0.061884,0.320703,-1.245068,-0.279070,-0.552602,-2.862578,1,0.490093,-0.002542,0.458242,-0.073095,0.063824,-0.965203,-0.289193,-0.577151,-2.858719,-4.451418,L,right,0.490093,0.007458,0.458242,-0.037755,0.061304,-0.959696,-0.224745,-0.573008,-2.909303
0.368815,0.016846,0.443111,0.001059,-0.323134,-0.504117,-0.138950,-0.637675,-2.982839,0.556588,0.014404,0.471933,-0.019709,0.254555,-1.254418,-0.229065,-0.470839,-2.892187,1,0.463452,0.015616,0.457637,-0.007887,-0.024105,-0.854579,-0.165405,-0.587854,-2.957712,30.301310,S,right,0.463452,0.025616,0.457637,0.031269,-0.024156,-0.853205,-0.095184,-0.585255,-3.011960
0.362096,0.027576,0.489439,0.059177,-0.432821,-0.558410,-0.054756,-0.470022,-3.039450,0.502019,0.010325,0.453315,-0.025978,0.106015,-0.999014,-0.201749,-0.576336,-2.927921,1,0.438335,0.018177,0.469757,-0.000272,-0.126579,-0.780018,-0.158539,-0.559350,-2.960192,22.803175,M,right,0.438335,0.028177,0.469757,0.044606,-0.126317,-0.778839,-0.074375,-0.556681,-3.026716
0.317998,0.021162,0.444840,0.031820,-0.536165,-0.343971,-0.094591,-0.582451,-3.012248,0.512766,-0.012306,0.448853,-0.098295,0.152457,-1.049545,-0.331417,-0.587257,-2.826962,1,0.448601,-0.001280,0.447531,-0.072260,-0.051676,-0.793420,-0.265434,-0.631114,-2.886925,9.132078,L,left,0.448601,-0.011280,0.447531,-0.111066,-0.047825,-0.800391,-0.330194,-0.636655,-2.838497
0.333046,0.025768,0.502013,0.043866,-0.568138,-0.497782,-0.103729,-0.396590,-2.994248,0.548945,0.003447,0.474981,-0.055246,0.228406,-1.231311,-0.306160,-0.475818,-2.827132,1,0.402460,0.018591,0.493322,-0.009552,-0.286387,-0.697481,-0.200873,-0.484655,-2.917665,0.553334,L,right,0.402460,0.028591,0.493322,0.051296,-0.286593,-0.694455,-0.070608,-0.480596,-3.026520
0.333225,0.000833,0.446962,-0.124056,-0.466339,-0.409275,-0.364404,-0.614245,-2.806744,0.502122,-0.007741,0.471000,-0.094602,0.086216,-1.036281,-0.353030,-0.536360,-2.798798,1,0.413056,-0.003220,0.458324,-0.097346,-0.188033,-0.685815,-0.318900,-0.609046,-2.841380,4.886832,M,left,0.413056,-0.013220,0.458324,-0.142407,-0.182568,-0.695112,-0.395735,-0.617553,-2.782759
0.299847,0.013814,0.442681,-0.048704,-0.614036,-0.290186,-0.246648,-0.569339,-2.891354,0.538582,0.015393,0.494082,-0.023006,0.171049,-1.210592,-0.256046,-0.432991,-2.864123,1,0.375465,0.014314,0.458962,-0.019924,-0.329771,-0.550930,-0.187313,-0.587495,-2.940616,-5.446641,S,left,0.375465,0.004314,0.458962,-0.078074,-0.326596,-0.557208,-0.290352,-0.595098,-2.861082
0.375732,0.019899,0.513897,-0.027383,-0.409846,-0.656838,-0.282564,-0.407833,-2.837455,0.510625,0.013985,0.512067,-0.036236,0.061410,-1.128807,-0.304455,-0.409397,-2.818264,1,0.468894,0.015815,0.512633,-0.029762,-0.078817,-0.967304,-0.275471,-0.428173,-2.846499,-18.031779,S,right,0.468894,0.025815,0.512633,0.017666,-0.080293,-0.961486,-0.161280,-0.423533,-2.945643
0.296576,0.032890,0.524574,-0.023119,-0.742512,-0.470919,-0.413053,-0.268213,-2.697611,0.568831,0.011603,0.490152,-0.036989,0.276788,-1.343556,-0.305831,-0.410194,-2.817160,1,0.402157,0.024635,0.511225,0.018180,-0.310484,-0.728729,-0.159148,-0.425995,-2.947697,-2.002297,M,left,0.402157,0.014635,0.511225,-0.049809,-0.307770,-0.737693,-0.321152,-0.433902,-2.807297
0.337745,0.019123,0.477502,-0.008502,-0.512929,-0.464678,-0.196348,-0.490621,-2.922126,0.508816,-0.015267,0.506786,-0.143085,0.074320,-1.145971,-0.547683,-0.444414,-2.607762,1,0.392857,0.008044,0.486936,-0.070231,-0.309079,-0.662184,-0.318475,-0.509766,-2.822543,-41.410296,L,right,0.392857,0.018044,0.486936,-0.010203,-0.312262,-0.654414,-0.195916,-0.501615,-2.923708
0.326640,0.018034,0.469160,-0.015699,-0.546046,-0.416081,-0.205424,-0.506973,-2.916430,0.498100,0.021971,0.481705,0.008315,0.052536,-1.020454,-0.158316,-0.497708,-2.954555,1,0.435879,0.020543,0.477152,0.008302,-0.146422,-0.782269,-0.147823,-0.536477,-2.966633,10.933250,S,right,0.435879,0.030543,0.477152,0.055043,-0.145814,-0.781484,-0.056795,-0.534044,-3.039837
0.320151,-0.011625,0.440744,-0.221194,-0.494732,-0.377440,-0.516908,-0.649144,-2.695208,0.499447,-0.011144,0.467801,-0.105301,0.083342,-1.023406,-0.366914,-0.548773,-2.789912,1,0.440597,-0.011302,0.458920,-0.120215,-0.092847,-0.789087,-0.361208,-0.607287,-2.807651,-15.193958,M,left,0.440597,-0.021302,0.458920,-0.159889,-0.086977,-0.799238,-0.429126,-0.615139,-2.755472
0.358987,0.024007,0.526068,-0.021026,-0.486280,-0.634650,-0.305396,-0.354280,-2.809718,0.576229,0.040914,0.471141,0.060331,0.320607,-1.340456,-0.055368,-0.441393,-3.038080,1,0.502010,0.035138,0.489906,0.056338,0.055784,-1.047762,-0.061067,-0.469414,-3.034117,-1.499849,M,right,0.502010,0.045138,0.489906,0.094950,0.058169,-1.050396,0.023835,-0.468563,-3.105581
0.342222,-0.017082,0.448752,-0.226300,-0.416523,-0.463143,-0.529632,-0.644612,-2.683363,0.484891,0.039427,0.442226,0.078988,0.071967,-0.917748,-0.008843,-0.614917,-3.078860,1,0.422598,0.014754,0.445075,-0.008336,-0.136067,-0.690340,-0.154357,-0.639521,-2.971583,-37.083263,L,right,0.422598,0.024754,0.445075,0.035904,-0.136019,-0.689219,-0.080637,-0.636870,-3.025982
0.372245,0.033122,0.495599,0.098067,-0.400695,-0.602630,0.031382,-0.457541,-3.112124,0.510941,-0.015862,0.435478,-0.105056,0.168840,-1.027552,-0.324996,-0.625262,-2.840035,1,0.425911,0.014169,0.472336,-0.020040,-0.172413,-0.741798,-0.197500,-0.554620,-2.928597,-39.351305,M,right,0.425911,0.024169,0.472336,0.027672,-0.172975,-0.739177,-0.107319,-0.550925,-3.000238
0.375569,0.017231,0.510077,-0.044509,-0.405267,-0.650820,-0.316242,-0.422372,-2.809794,0.538406,0.047831,0.439083,0.091544,0.244262,-1.134072,0.013653,-0.570911,-3.096179,1,0.462819,0.033627,0.472038,0.061910,-0.047863,-0.871296,-0.042808,-0.541901,-3.051294,-4.029269,S,right,0.462819,0.043627,0.472038,0.103000,-0.045176,-0.874285,0.036410,-0.541494,-3.114626
0.335048,-0.002319,0.465073,-0.169012,-0.488897,-0.458237,-0.484610,-0.563642,-2.695441,0.496310,0.012528,0.500009,-0.035221,0.026271,-1.048910,-0.274313,-0.452050,-2.850866,1,0.447364,0.008021,0.489406,-0.053777,-0.122509,-0.850048,-0.286541,-0.504486,-2.848448,39.557254,M,right,0.447364,0.018021,0.489406,-0.008066,-0.124683,-0.844202,-0.192326,-0.499109,-2.926416
0.374667,-0.001810,0.443731,-0.101215,-0.297026,-0.534241,-0.307250,-0.650455,-2.858945,0.544829,0.030894,0.518104,0.023589,0.168375,-1.275444,-0.172303,-0.358283,-2.930671,1,0.469879,0.016489,0.485346,-0.013042,-0.044005,-0.919985,-0.200729,-0.504708,-2.920061,21.014172,S,right,0.469879,0.026489,0.485346,0.028797,-0.044412,-0.917390,-0.114567,-0.501479,-2.991088
0.328795,0.021577,0.439683,0.035701,-0.476571,-0.369323,-0.083316,-0.616296,-3.022842,0.577189,0.004292,0.503962,-0.071046,0.297266,-1.422107,-0.442193,-0.367118,-2.686735,1,0.477462,0.011232,0.478155,-0.031283,-0.008689,-0.939087,-0.230868,-0.523735,-2.897549,-33.826499,L,left,0.477462,0.001232,0.478155,-0.070101,-0.006049,-0.945319,-0.307502,-0.528664,-2.835095
0.370676,0.026956,0.439033,0.059781,-0.306434,-0.504113,-0.039952,-0.650487,-3.056412,0.538353,0.037315,0.449729,0.058848,0.225813,-1.142489,-0.048504,-0.544491,-3.046816,1,0.462944,0.032657,0.444919,0.059891,-0.003120,-0.836014,-0.041341,-0.621920,-3.054592,30.348919,S,right,0.462944,0.042657,0.444919,0.097841,-0.000640,-0.838845,0.023427,-0.621316,-3.103044
0.344107,0.014167,0.499253,-0.086350,-0.512755,-0.541601,-0.409819,-0.436921,-2.729602,0.578496,0.004902,0.505474,-0.070488,0.300647,-1.431779,-0.447866,-0.361222,-2.680408,1,0.430774,0.010741,0.501553,-0.052898,-0.194863,-0.814035,-0.304725,-0.469503,-2.827329,-40.635488,S,right,0.430774,0.020741,0.501553,-0.000363,-0.197271,-0.806994,-0.188831,-0.463153,-2.925559
0.354657,0.025371,0.454550,0.053006,-0.401795,-0.474361,-0.056004,-0.585195,-3.042262,0.560580,0.023522,0.454119,0.012263,0.288975,-1.245254,-0.147028,-0.508718,-2.964860,1,0.457965,0.024443,0.454334,0.027929,-0.036450,-0.828579,-0.099339,-0.597775,-3.009548,2.548296,S,left,0.457965,0.014443,0.454334,-0.011602,-0.036278,-0.830100,-0.168916,-0.600463,-2.956361
0.355520,-0.007484,0.452858,-0.157379,-0.382960,-0.496425,-0.421085,-0.620563,-2.763379,0.490014,0.051102,0.458017,0.119259,0.065953,-0.961299,0.065131,-0.566228,-3.136608,1,0.416576,0.019112,0.455200,0.008795,-0.175770,-0.682097,-0.131582,-0.606562,-2.985563,-44.711308,S,right,0.416576,0.029112,0.455200,0.055831,-0.175029,-0.681800,-0.049490,-0.604381,-3.047915
0.351816,-0.003082,0.468768,-0.154370,-0.428254,-0.513636,-0.455519,-0.562947,-2.719684,0.568639,0.010357,0.453027,-0.027519,0.317421,-1.284797,-0.231348,-0.503952,-2.894507,1,0.491985,0.005606,0.458592,-0.044314,0.067151,-0.968431,-0.237613,-0.571374,-2.898853,-42.961141,L,left,0.491985,-0.004394,0.458592,-0.079393,0.069907,-0.974353,-0.301744,-0.575656,-2.848407
0.328840,-0.005857,0.460343,-0.196843,-0.502220,-0.436544,-0.525251,-0.581857,-2.666562,0.489486,0.030553,0.478074,0.042952,0.029752,-0.980455,-0.083680,-0.511376,-3.017061,1,0.434540,0.018100,0.472009,-0.001287,-0.142933,-0.770082,-0.162080,-0.553144,-2.956757,6.524062,L,left,0.434540,0.008100,0.472009,-0.046658,-0.141256,-0.774426,-0.247348,-0.557836,-2.889039
0.312385,0.006680,0.446089,-0.105793,-0.558384,-0.340973,-0.345534,-0.587064,-2.815623,0.556131,0.025860,0.467382,0.017656,0.257762,-1.242375,-0.143419,-0.480040,-2.965494,1,0.397443,0.013373,0.453519,-0.019284,-0.239004,-0.615672,-0.179266,-0.612995,-2.949865,15.743439,M,left,0.397443,0.003373,0.453519,-0.069567,-0.236450,-0.620762,-0.265355,-0.618891,-2.884831
0.324882,0.009696,0.469927,-0.099460,-0.549726,-0.423703,-0.376572,-0.515953,-2.774793,0.507165,0.007215,0.525785,-0.075403,0.041646,-1.154687,-0.440280,-0.379461,-2.690836,1,0.450601,0.007985,0.508452,-0.066614,-0.133637,-0.899892,-0.350259,-0.449931,-2.784531,-5.125320,S,left,0.450601,-0.002015,0.508452,-0.113023,-0.128465,-0.912226,-0.454889,-0.459007,-2.694413
0.330431,0.020136,0.489817,-0.019412,-0.561920,-0.469650,-0.243570,-0.439952,-2.875865,0.489839,0.004269,0.438841,-0.043315,0.092312,-0.935391,-0.216701,-0.627912,-2.923395,1,0.412869,0.011931,0.463455,-0.028522,-0.202473,-0.683746,-0.204220,-0.583374,-2.926885,-21.842581,M,right,0.412869,0.021931,0.463455,0.020468,-0.203331,-0.680853,-0.115730,-0.579345,-2.995601
0.312435,0.019566,0.459809,0.004031,-0.592782,-0.354765,-0.161173,-0.518376,-2.954110,0.560003,0.030655,0.466699,0.032212,0.271349,-1.258481,-0.112775,-0.475992,-2.990942,1,0.403563,0.023648,0.462345,0.030522,-0.233996,-0.647258,-0.097093,-0.581433,-3.010243,-3.674067,M,right,0.403563,0.033648,0.462345,0.082161,-0.232245,-0.648254,-0.003553,-0.580186,-3.082759
0.336700,0.009030,0.449980,-0.064967,-0.463321,-0.416922,-0.266217,-0.595744,-2.880161,0.547205,0.042465,0.526987,0.068320,0.170437,-1.301669,-0.048506,-0.329796,-3.041369,1,0.404238,0.019757,0.474687,0.006234,-0.252555,-0.669690,-0.150197,-0.543097,-2.965317,38.689609,S,right,0.404238,0.029757,0.474687,0.060562,-0.251903,-0.668754,-0.045515,-0.540450,-3.049090
0.323996,0.022652,0.458303,0.038588,-0.538041,-0.385172,-0.088237,-0.539071,-3.014787,0.577126,0.047468,0.514782,0.079540,0.283614,-1.417454,-0.014178,-0.326871,-3.072594,1,0.407345,0.030823,0.476900,0.065071,-0.244213,-0.682887,-0.037209,-0.533864,-3.055589,-4.393040,L,left,0.407345,0.020823,0.476900,0.011076,-0.245069,-0.683515,-0.142443,-0.536261,-2.970958
0.364513,0.000707,0.433431,-0.086696,-0.313574,-0.483796,-0.272040,-0.679929,-2.891012,0.560243,0.028530,0.503446,0.016617,0.233094,-1.318084,-0.181223,-0.381108,-2.924530,1,0.494554,0.019193,0.479948,-0.001396,0.043459,-1.004549,-0.176123,-0.505767,-2.940565,-8.573108,S,right,0.494554,0.029193,0.479948,0.036519,0.043514,-1.002938,-0.098229,-0.503172,-3.004673
0.318154,-0.001716,0.452550,-0.174693,-0.537567,-0.383351,-0.475591,-0.589002,-2.710230,0.503619,0.031881,0.525786,0.034653,0.023511,-1.117801,-0.136534,-0.369395,-2.963572,1,0.401622,0.013404,0.485509,-0.034872,-0.277377,-0.683152,-0.243195,-0.512025,-2.885754,-41.592050,M,right,0.401622,0.023404,0.485509,0.022753,-0.278756,-0.678505,-0.125956,-0.506581,-2.982048
0.290779,0.026223,0.453056,0.113501,-0.682367,-0.277479,0.060760,-0.501566,-3.135549,0.577023,-0.007812,0.467900,-0.086720,0.332880,-1.360419,-0.388988,-0.461753,-2.752934,1,0.388373,0.014619,0.458117,-0.015757,-0.280490,-0.591839,-0.177695,-0.595147,-2.948987,5.477542,S,right,0.388373,0.024619,0.458117,0.039208,-0.280728,-0.589827,-0.080108,-0.591501,-3.023951
0.299538,0.025783,0.461943,0.092762,-0.657272,-0.319220,0.018448,-0.484248,-3.100885,0.550814,0.001556,0.465477,-0.057462,0.246140,-1.225946,-0.297746,-0.498423,-2.838028,1,0.385266,0.017517,0.463149,-0.002046,-0.301460,-0.588516,-0.157686,-0.575983,-2.962514,-1.753766,L,right,0.385266,0.027517,0.463149,0.055467,-0.301071,-0.587252,-0.052547,-0.572942,-3.044522
0.307603,0.006813,0.458473,-0.136692,-0.602914,-0.356708,-0.436590,-0.540747,-2.729834,0.483329,-0.005248,0.489233,-0.099900,0.001998,-0.993541,-0.389601,-0.499286,-2.760166,1,0.360634,0.003174,0.467756,-0.103397,-0.397505,-0.528866,-0.355664,-0.561041,-2.801813,-27.632300,M,right,0.360634,0.013174,0.467756,-0.037194,-0.402324,-0.519578,-0.232181,-0.550009,-2.900112
0.379419,0.014605,0.496822,-0.045203,-0.374473,-0.634690,-0.288474,-0.467351,-2.840942,0.546309,0.044291,0.510836,0.077302,0.181182,-1.268107,-0.018559,-0.373812,-3.068992,1,0.482907,0.033013,0.505512,0.050124,-0.025438,-0.999682,-0.079950,-0.436723,-3.016809,37.389452,S,right,0.482907,0.043013,0.505512,0.094229,-0.023192,-1.001756,0.023798,-0.435836,-3.105968
0.369353,0.009532,0.510019,-0.111586,-0.422788,-0.647484,-0.479751,-0.432031,-2.666078,0.522528,0.006749,0.434558,-0.032884,0.199694,-1.061526,-0.204549,-0.607933,-2.929872,1,0.458959,0.007904,0.465875,-0.041257,-0.050646,-0.852622,-0.232805,-0.568882,-2.902312,11.422981,M,right,0.458959,0.017904,0.465875,-0.000847,-0.052030,-0.848921,-0.158187,-0.564998,-2.961028
0.363960,-0.018155,0.455016,-0.208232,-0.345540,-0.540026,-0.505753,-0.632584,-2.698795,0.501663,0.010639,0.450821,-0.024271,0.108685,-0.994284,-0.196454,-0.583327,-2.932962,1,0.411202,-0.008276,0.453577,-0.118290,-0.183549,-0.676139,-0.347156,-0.627643,-2.823360,-5.614930,M,right,0.411202,0.001724,0.453577,-0.072621,-0.188000,-0.668415,-0.270179,-0.620270,-2.881364
0.305570,0.002475,0.435718,-0.136772,-0.562622,-0.306477,-0.381973,-0.623859,-2.795222,0.483014,-0.004855,0.499610,-0.105705,-0.010466,-1.013311,-0.425461,-0.471634,-2.723135,1,0.379619,-0.000584,0.462381,-0.105613,-0.314849,-0.580889,-0.343394,-0.590423,-2.818062,-17.465130,M,right,0.379619,0.009416,0.462381,-0.049332,-0.319302,-0.572744,-0.243220,-0.581275,-2.895906
0.355399,0.032561,0.480613,0.105594,-0.444087,-0.522579,0.044988,-0.494413,-3.122741,0.537776,-0.006844,0.489407,-0.096414,0.180373,-1.217642,-0.417177,-0.456066,-2.727045,1,0.443725,0.013477,0.484872,-0.027139,-0.130135,-0.825549,-0.225846,-0.515268,-2.900560,13.775723,S,right,0.443725,0.023477,0.484872,0.019027,-0.131111,-0.821922,-0.132537,-0.511165,-2.976979
0.297913,0.000577,0.442000,-0.181451,-0.608493,-0.303706,-0.480812,-0.599209,-2.708899,0.487160,0.022488,0.472026,0.013674,0.030219,-0.963167,-0.138431,-0.531651,-2.973812,1,0.362480,0.008053,0.452244,-0.057846,-0.364471,-0.501650,-0.248722,-0.608015,-2.895829,28.968342,M,right,0.362480,0.018053,0.452244,0.004494,-0.366687,-0.496832,-0.140176,-0.601404,-2.978531
0.352275,0.024139,0.467606,0.041427,-0.436621,-0.488449,-0.083009,-0.537026,-3.018880,0.523781,0.007383,0.501583,-0.055081,0.116748,-1.167527,-0.336880,-0.430345,-2.792879,1,0.407990,0.018696,0.478644,-0.001041,-0.245354,-0.689285,-0.167495,-0.531780,-2.950261,-21.769065,S,left,0.407990,0.008696,0.478644,-0.054025,-0.243200,-0.694759,-0.270455,-0.537808,-2.867160
0.365207,0.012420,0.501605,-0.078861,-0.432447,-0.607331,-0.381578,-0.447875,-2.756699,0.534834,-0.017492,0.505293,-0.143820,0.163521,-1.256699,-0.573819,-0.426528,-2.579319,1,0.475520,-0.007032,0.504004,-0.120224,-0.038277,-0.997858,-0.465635,-0.465843,-2.686497,9.187904,L,right,0.475520,0.002968,0.504004,-0.079287,-0.043477,-0.985761,-0.374499,-0.457806,-2.764814
0.371980,0.008902,0.489883,-0.081581,-0.390604,-0.603518,-0.354871,-0.491308,-2.788248,0.535498,0.006474,0.465784,-0.042122,0.195269,-1.156246,-0.257776,-0.513064,-2.873795,1,0.448940,0.007759,0.478541,-0.048764,-0.102452,-0.836582,-0.260937,-0.535658,-2.874612,-27.539996,L,left,0.448940,-0.002241,0.478541,-0.091361,-0.098904,-0.844161,-0.343015,-0.542044,-2.808259
0.288407,0.024084,0.473904,0.073484,-0.733298,-0.311636,-0.026179,-0.415755,-3.062744,0.574561,0.041836,0.480591,0.062896,0.304845,-1.346451,-0.051803,-0.419549,-3.040549,1,0.391979,0.030509,0.476324,0.069066,-0.298627,-0.630789,-0.029528,-0.531443,-3.061724,34.709663,M,right,0.391979,0.040509,0.476324,0.127946,-0.294855,-0.634686,0.085848,-0.532648,3.128528
0.299088,0.001092,0.442519,-0.175082,-0.604896,-0.306883,-0.470061,-0.597279,-2.717186,0.543092,0.020774,0.480018,-0.000081,0.200471,-1.204368,-0.188073,-0.463469,-2.926237,1,0.377144,0.007388,0.454515,-0.056822,-0.313233,-0.552905,-0.246976,-0.607807,-2.897146,-15.490717,L,left,0.377144,-0.002612,0.454515,-0.111923,-0.308625,-0.560846,-0.341270,-0.616800,-2.825513
0.281057,0.022595,0.509924,0.097251,-0.811995,-0.375561,0.048347,-0.273420,-3.130612,0.510031,0.023385,0.501559,0.006390,0.068197,-1.100582,-0.184391,-0.434456,-2.926547,1,0.394664,0.022987,0.505774,0.010253,-0.331262,-0.694367,-0.172870,-0.440516,-2.937064,41.070595,L,left,0.394664,0.012987,0.505774,-0.058073,-0.328190,-0.703630,-0.330379,-0.449105,-2.801735
0.343664,0.012024,0.497156,-0.102381,-0.510381,-0.539096,-0.440316,-0.447104,-2.704672,0.549256,0.043673,0.498263,0.074657,0.202801,-1.259368,-0.023917,-0.404213,-3.064572,1,0.473206,0.031965,0.497853,0.049221,-0.048867,-0.950044,-0.077734,-0.462911,-3.019801,32.373906,M,left,0.473206,0.021965,0.497853,0.005431,-0.049160,-0.951720,-0.174904,-0.465599,-2.937644
0.371579,0.029421,0.508609,0.065939,-0.421173,-0.625293,-0.044874,-0.414568,-3.046452,0.554232,0.049945,0.456627,0.094004,0.269336,-1.223810,0.020258,-0.506289,-3.102136,1,0.468556,0.040318,0.481010,0.087486,-0.040490,-0.907407,0.006818,-0.512793,-3.091082,19.771560,M,right,0.468556,0.050318,0.481010,0.128835,-0.036743,-0.912286,0.090591,-0.513298,3.123660
0.309689,0.004443,0.459287,-0.155454,-0.592388,-0.368313,-0.470990,-0.546513,-2.702226,0.509331,0.021802,0.460770,0.011304,0.117170,-1.035190,-0.139535,-0.546697,-2.974189,1,0.427988,0.014729,0.460166,-0.012806,-0.145371,-0.730150,-0.173323,-0.591609,-2.951973,41.183319,S,left,0.427988,0.004729,0.460166,-0.057469,-0.143361,-0.734638,-0.252356,-0.596436,-2.891124
0.374293,-0.000214,0.485854,-0.132591,-0.370432,-0.613499,-0.446815,-0.517324,-2.715308,0.517674,0.018496,0.493386,-0.009967,0.102589,-1.119415,-0.215223,-0.452478,-2.901835,1,0.439008,0.008231,0.489254,-0.054546,-0.150633,-0.820222,-0.287206,-0.506299,-2.848185,-27.024885,S,right,0.439008,0.018231,0.489254,-0.007143,-0.152859,-0.814277,-0.189827,-0.500681,-2.928667
0.364284,0.009720,0.476981,-0.067151,-0.401944,-0.551662,-0.303010,-0.525808,-2.838312,0.551624,-0.012456,0.479997,-0.107731,0.238080,-1.267473,-0.434229,-0.467251,-2.714481,1,0.479308,-0.003895,0.478832,-0.089598,0.000997,-0.957652,-0.347468,-0.528771,-2.801888,4.934286,L,left,0.479308,-0.013895,0.478832,-0.126826,0.005836,-0.967564,-0.420080,-0.535475,-2.742469
0.360845,0.006313,0.465085,-0.080343,-0.393966,-0.520943,-0.308338,-0.565897,-2.841266,0.483822,0.046991,0.467371,0.107433,0.030640,-0.947806,0.044782,-0.543930,-3.121256,1,0.414074,0.023920,0.466074,0.029537,-0.203571,-0.688718,-0.100563,-0.570528,-3.006849,-4.647802,S,left,0.414074,0.013920,0.466074,-0.019781,-0.203072,-0.691135,-0.190925,-0.574209,-2.936188
0.344667,0.020232,0.507917,-0.040511,-0.524095,-0.554111,-0.322613,-0.400274,-2.800735,0.575925,0.011812,0.489381,-0.036875,0.301624,-1.376213,-0.311073,-0.402714,-2.811395,1,0.475852,0.015456,0.497402,-0.022434,-0.039027,-0.963802,-0.236281,-0.468482,-2.885745,23.616166,L,left,0.475852,0.005456,0.497402,-0.064338,-0.036311,-0.971061,-0.327926,-0.473965,-2.808145
0.314355,0.012468,0.445723,-0.050865,-0.552615,-0.339395,-0.245931,-0.581599,-2.893815,0.506739,0.041411,0.479704,0.079290,0.085183,-1.052320,-0.010133,-0.493565,-3.077125,1,0.390647,0.023946,0.459198,0.034856,-0.274543,-0.599057,-0.088245,-0.588746,-3.017530,-21.393796,M,right,0.390647,0.033946,0.459198,0.089620,-0.272488,-0.600396,0.009856,-0.587819,-3.093106
0.283116,0.011036,0.450700,-0.140611,-0.707551,-0.272025,-0.458444,-0.524099,-2.707059,0.518063,-0.000231,0.444152,-0.057506,0.172190,-1.057252,-0.255051,-0.589606,-2.887902,1,0.405666,0.005159,0.447285,-0.055186,-0.196397,-0.638187,-0.233778,-0.638163,-2.912065,10.202331,L,right,0.405666,0.015159,0.447285,-0.007643,-0.198250,-0.634266,-0.154477,-0.633405,-2.970851
0.346587,0.006903,0.439495,-0.064239,-0.399408,-0.431377,-0.247377,-0.643446,-2.902708,0.552289,0.025763,0.530444,-0.006693,0.185771,-1.339254,-0.291190,-0.319343,-2.818375,1,0.409306,0.012653,0.467225,-0.027168,-0.221450,-0.677277,-0.205694,-0.570913,-2.924110,11.900658,L,left,0.409306,0.002653,0.467225,-0.076663,-0.218479,-0.683452,-0.295766,-0.577430,-2.853520
0.325469,0.023685,0.440180,0.053384,-0.491894,-0.359551,-0.053351,-0.609852,-3.045173,0.573893,0.004877,0.447246,-0.042148,0.342859,-1.304637,-0.258191,-0.512294,-2.873336,1,0.429265,0.015827,0.443132,-0.003122,-0.110144,-0.711232,-0.144749,-0.643926,-2.979150,-28.445899,L,right,0.429265,0.025827,0.443132,0.039690,-0.109903,-0.710447,-0.073833,-0.641530,-3.031247
0.330406,0.009427,0.480723,-0.113615,-0.541908,-0.465731,-0.428584,-0.489035,-2.724338,0.547332,0.030986,0.485317,0.032452,0.208287,-1.229097,-0.120153,-0.442519,-2.982568,1,0.417256,0.018059,0.482562,-0.005763,-0.218525,-0.727563,-0.180149,-0.521163,-2.938848,-13.773598,S,left,0.417256,0.008059,0.482562,-0.056951,-0.216221,-0.733401,-0.281432,-0.527232,-2.856414
0.316967,0.001842,0.437596,-0.126252,-0.515769,-0.343022,-0.359703,-0.630569,-2.814280,0.573462,0.041408,0.464106,0.062969,0.319787,-1.317962,-0.047088,-0.462926,-3.045720,1,0.429314,0.019172,0.449208,0.009866,-0.121580,-0.718654,-0.126534,-0.623944,-2.990876,-9.354695,M,left,0.429314,0.009172,0.449208,-0.033444,-0.120614,-0.721323,-0.199873,-0.627506,-2.936060
0.326489,0.020793,0.450667,0.024950,-0.511371,-0.379984,-0.108816,-0.571830,-3.000467,0.521007,-0.007250,0.452231,-0.082174,0.171474,-1.084385,-0.310667,-0.568245,-2.839831,1,0.416503,0.007816,0.451391,-0.042212,-0.167587,-0.680056,-0.216211,-0.623276,-2.923096,-15.467084,S,right,0.416503,0.017816,0.451391,0.003769,-0.168924,-0.676782,-0.137899,-0.619119,-2.981892
0.328247,0.030383,0.464221,0.110495,-0.528655,-0.409746,0.052508,-0.522838,-3.128094,0.534035,0.016837,0.499849,-0.020028,0.149986,-1.200584,-0.255216,-0.421645,-2.863390,1,0.442186,0.022883,0.483948,0.016682,-0.135014,-0.815053,-0.136554,-0.514359,-2.973934,32.744246,M,right,0.442186,0.032883,0.483948,0.063496,-0.134083,-0.814712,-0.041830,-0.512237,-3.051333
0.366956,0.017220,0.518172,-0.067975,-0.444871,-0.648875,-0.402704,-0.394357,-2.727789,0.562989,0.030531,0.480453,0.028915,0.265182,-1.291928,-0.129935,-0.437005,-2.973794,1,0.437245,0.021993,0.504648,0.004650,-0.178749,-0.834644,-0.181112,-0.453401,-2.931184,9.204737,S,left,0.437245,0.011993,0.504648,-0.047238,-0.176566,-0.841441,-0.297976,-0.459381,-2.831525
0.356377,0.007912,0.466505,-0.074406,-0.414636,-0.508553,-0.301529,-0.556586,-2.845049,0.567543,0.018037,0.472591,-0.009629,0.289368,-1.304230,-0.213612,-0.454337,-2.903429,1,0.456704,0.012723,0.469396,-0.023161,-0.064316,-0.847517,-0.202541,-0.557441,-2.924910,-14.057420,M,left,0.456704,0.002723,0.469396,-0.063969,-0.062005,-0.852802,-0.278670,-0.562245,-2.864539
0.365570,0.031407,0.517273,0.091166,-0.453579,-0.625375,0.018796,-0.381787,-3.102176,0.511491,0.031270,0.487485,0.039921,0.089056,-1.081641,-0.097135,-0.469894,-3.003751,1,0.423749,0.031353,0.505397,0.058628,-0.226284,-0.787597,-0.058587,-0.447433,-3.035508,-30.525627,L,right,0.423749,0.041353,0.505397,0.116670,-0.223158,-0.790798,0.074776,-0.447757,3.133851
0.285737,0.008059,0.446979,-0.155486,-0.684404,-0.274005,-0.469355,-0.548551,-2.704168,0.547046,0.022450,0.454784,0.010504,0.244914,-1.185913,-0.146606,-0.524043,-2.966526,1,0.445199,0.016841,0.451742,-0.001201,-0.073555,-0.779371,-0.147851,-0.612504,-2.973725,17.555705,L,left,0.445199,0.006841,0.451742,-0.042056,-0.072243,-0.782614,-0.218126,-0.616207,-2.920617
0.325108,0.020835,0.485188,-0.006976,-0.578720,-0.443130,-0.210700,-0.447029,-2.905116,0.567684,0.014000,0.525294,-0.054078,0.247065,-1.416580,-0.450092,-0.320144,-2.670925,1,0.424771,0.018027,0.501666,-0.015462,-0.217870,-0.788245,-0.222645,-0.463940,-2.896817,-14.428465,M,right,0.424771,0.028027,0.501666,0.040204,-0.218489,-0.784386,-0.098515,-0.459630,-3.002036
0.332513,0.013883,0.475128,-0.059243,-0.528758,-0.450285,-0.300919,-0.499588,-2.835547,0.501735,0.035406,0.486662,0.057777,0.058923,-1.041646,-0.056876,-0.478582,-3.037935,1,0.442084,0.027819,0.482596,0.040041,-0.133214,-0.811913,-0.088696,-0.517139,-3.013253,7.418676,L,right,0.442084,0.037819,0.482596,0.086645,-0.131271,-0.813342,0.005085,-0.516074,-3.089657
0.378114,0.005284,0.483455,-0.092707,-0.356855,-0.612085,-0.360771,-0.518132,-2.788581,0.563865,-0.006715,0.523994,-0.127533,0.247796,-1.436351,-0.675657,-0.340369,-2.462290,1,0.487589,-0.001788,0.507347,-0.098498,-0.004456,-1.044276,-0.431351,-0.446360,-2.712463,22.386377,S,left,0.487589,-0.011788,0.507347,-0.137441,0.001527,-1.058169,-0.520311,-0.454824,-2.635108
0.366953,0.024225,0.460949,0.040655,-0.366405,-0.523991,-0.079907,-0.571634,-3.023087,0.534143,0.038011,0.484017,0.059636,0.167564,-1.170471,-0.055018,-0.458343,-3.038878,1,0.430738,0.029485,0.469749,0.052328,-0.151798,-0.752079,-0.059742,-0.557551,-3.038326,37.189445,M,left,0.430738,0.019485,0.469749,0.005881,-0.152339,-0.752854,-0.146761,-0.560003,-2.969605
0.366548,0.018389,0.486072,-0.012561,-0.410081,-0.569345,-0.205480,-0.489509,-2.914347,0.484602,0.029109,0.459355,0.040853,0.041191,-0.935527,-0.080035,-0.567695,-3.022789,1,0.432703,0.024396,0.471101,0.028090,-0.147808,-0.761036,-0.105959,-0.554179,-3.001535,36.392193,L,left,0.432703,0.014396,0.471101,-0.017959,-0.147337,-0.763448,-0.192560,-0.557663,-2.932912
0.378653,-0.001952,0.463140,-0.114472,-0.318898,-0.580632,-0.360582,-0.589248,-2.804031,0.515269,0.044310,0.482770,0.087247,0.109516,-1.092069,0.006753,-0.478138,-3.091163,1,0.452187,0.022949,0.473706,0.018700,-0.086502,-0.834765,-0.126138,-0.542699,-2.984606,-7.499753,M,left,0.452187,0.012949,0.473706,-0.024053,-0.085746,-0.837654,-0.208040,-0.546262,-2.919090
0.284107,0.018584,0.453018,-0.027677,-0.716198,-0.262434,-0.236463,-0.493031,-2.888785,0.490322,-0.013296,0.451566,-0.107456,0.078644,-0.964483,-0.341636,-0.600227,-2.821585,1,0.399142,0.000800,0.452208,-0.080795,-0.227037,-0.626145,-0.282578,-0.625061,-2.872712,-38.046057,M,right,0.399142,0.010800,0.452208,-0.031465,-0.230037,-0.620484,-0.198907,-0.618800,-2.935633
0.307348,0.014922,0.467886,-0.071766,-0.627479,-0.364462,-0.333657,-0.490588,-2.806216,0.500089,0.040230,0.450781,0.077458,0.105400,-0.987209,-0.012103,-0.578903,-3.076121,1,0.434571,0.031627,0.456596,0.062231,-0.116277,-0.747245,-0.038678,-0.597482,-3.055957,34.604833,M,right,0.434571,0.041627,0.456596,0.105798,-0.113477,-0.750230,0.038314,-0.597290,-3.114797
0.352675,0.026051,0.469130,0.055601,-0.437502,-0.492237,-0.055939,-0.531582,-3.040442,0.569172,0.000376,0.442113,-0.053454,0.335429,-1.278423,-0.271641,-0.532833,-2.865390,1,0.485523,0.010296,0.452552,-0.026176,0.055205,-0.933210,-0.197598,-0.591061,-2.933045,29.540252,L,right,0.485523,0.020296,0.452552,0.009690,0.054459,-0.930780,-0.133593,-0.588180,-2.982429
0.366262,0.036595,0.454383,0.119696,-0.352432,-0.514580,0.063151,-0.594525,-3.133908,0.568575,0.008933,0.475542,-0.039093,0.291100,-1.318561,-0.285661,-0.448330,-2.840498,1,0.438717,0.026688,0.461961,0.039098,-0.112410,-0.768946,-0.081619,-0.580742,-3.022222,44.732373,L,left,0.438717,0.016688,0.461961,-0.004487,-0.112526,-0.770199,-0.160329,-0.583442,-2.961203
0.371009,0.013665,0.436898,-0.014458,-0.300863,-0.503529,-0.159812,-0.661961,-2.970008,0.487894,0.038734,0.531908,0.071621,-0.033678,-1.068275,-0.035371,-0.358922,-3.053780,1,0.436475,0.027706,0.490112,0.039040,-0.162868,-0.804505,-0.094413,-0.495061,-3.007378,16.361041,S,right,0.436475,0.037706,0.490112,0.088586,-0.160913,-0.805802,0.009361,-0.493983,-3.093260
0.330460,-0.008206,0.456847,-0.203860,-0.487190,-0.436073,-0.525108,-0.598090,-2.671782,0.575692,-0.010000,0.472597,-0.095487,0.324594,-1.364720,-0.417582,-0.453130,-2.726069,1,0.474811,-0.009262,0.466118,-0.104069,0.006093,-0.923799,-0.352126,-0.569356,-2.806484,-25.524039,M,right,0.474811,0.000738,0.466118,-0.066894,0.002320,-0.916162,-0.283557,-0.563816,-2.860874
0.373767,0.005857,0.436956,-0.056490,-0.289032,-0.516016,-0.227057,-0.667136,-2.921645,0.512554,-0.007627,0.502480,-0.111378,0.085466,-1.139612,-0.463706,-0.446314,-2.683693,1,0.454080,-0.001946,0.474873,-0.086394,-0.076910,-0.855848,-0.328273,-0.550457,-2.822069,25.507214,L,right,0.454080,0.008054,0.474873,-0.044992,-0.080183,-0.848840,-0.249584,-0.544578,-2.885231
0.284281,0.007335,0.452294,-0.185088,-0.698646,-0.288520,-0.544823,-0.535195,-2.635592,0.508385,0.013887,0.442036,-0.011521,0.143206,-1.009738,-0.168812,-0.600300,-2.956423,1,0.372846,0.009924,0.448240,-0.040335,-0.317604,-0.527536,-0.212321,-0.625423,-2.926355,25.119336,M,right,0.372846,0.019924,0.448240,0.017165,-0.318901,-0.524200,-0.114619,-0.620444,-2.999549
0.318862,0.017917,0.466901,-0.019381,-0.576205,-0.389087,-0.214056,-0.504506,-2.908968,0.530797,-0.004783,0.476209,-0.083120,0.170771,-1.160737,-0.355271,-0.495653,-2.788750,1,0.421060,0.006971,0.471389,-0.054535,-0.185943,-0.727337,-0.260829,-0.561729,-2.878808,38.716374,S,left,0.421060,-0.003029,0.471389,-0.101175,-0.181959,-0.735170,-0.346685,-0.569111,-2.810853
0.313792,-0.011627,0.435520,-0.226057,-0.510107,-0.349239,-0.516014,-0.662123,-2.700316,0.533189,-0.000902,0.440636,-0.057629,0.224643,-1.116827,-0.257988,-0.582741,-2.884470,1,0.413633,-0.006746,0.437848,-0.101616,-0.146384,-0.659802,-0.298295,-0.674482,-2.870650,43.053320,S,right,0.413633,0.003254,0.437848,-0.057864,-0.149938,-0.653746,-0.228841,-0.668687,-2.920587
0.373853,0.029822,0.486182,0.071736,-0.381987,-0.589288,-0.026178,-0.489541,-3.063782,0.501231,-0.015123,0.446940,-0.109021,0.120572,-1.002581,-0.342417,-0.604241,-2.821842,1,0.433040,0.008938,0.467948,-0.041285,-0.140182,-0.762150,-0.232518,-0.569797,-2.902673,-16.903793,M,right,0.433040,0.018938,0.467948,0.003833,-0.141599,-0.758340,-0.149322,-0.565438,-2.968079
0.308592,0.020818,0.437246,0.033374,-0.561405,-0.302598,-0.089606,-0.598405,-3.017042,0.530348,0.044582,0.441734,0.083692,0.214440,-1.101570,-0.000785,-0.573552,-3.084902,1,0.436132,0.034485,0.439827,0.074675,-0.079423,-0.732333,-0.015532,-0.648979,-3.074186,-41.324796,M,right,0.436132,0.044485,0.439827,0.115812,-0.076263,-0.735988,0.052125,-0.649030,-3.123542
0.325822,0.005921,0.472274,-0.135442,-0.545703,-0.438610,-0.452439,-0.518011,-2.710655,0.525102,0.037525,0.456423,0.062013,0.174612,-1.094695,-0.042672,-0.540969,-3.051381,1,0.416232,0.020259,0.465082,0.011583,-0.194445,-0.695137,-0.132866,-0.574842,-2.981859,-31.811492,L,left,0.416232,0.010259,0.465082,-0.036762,-0.193225,-0.698607,-0.220732,-0.579235,-2.913348
0.370374,0.021997,0.465781,0.024237,-0.362357,-0.543156,-0.112603,-0.557821,-2.996510,0.518208,-0.013417,0.455013,-0.103288,0.161105,-1.081580,-0.352236,-0.566542,-2.805791,1,0.457853,0.001041,0.459409,-0.066020,-0.042333,-0.842708,-0.269928,-0.591336,-2.876491,-13.080998,S,right,0.457853,0.011041,0.459409,-0.026550,-0.044615,-0.837753,-0.199550,-0.586840,-2.930985
0.331251,0.021174,0.458737,0.023866,-0.507345,-0.408456,-0.115198,-0.547632,-2.993729,0.578962,0.021709,0.441068,0.006898,0.365508,-1.315316,-0.156086,-0.515776,-2.958038,1,0.486627,0.021509,0.447654,0.014785,0.065928,-0.928899,-0.122079,-0.600925,-2.992356,-20.911614,S,left,0.486627,0.011509,0.447654,-0.020594,0.066449,-0.930882,-0.184056,-0.603579,-2.945072
0.331268,-0.005420,0.468193,-0.202555,-0.505038,-0.462139,-0.557577,-0.559902,-2.632085,0.513357,0.003171,0.434413,-0.044381,0.172395,-1.024900,-0.221340,-0.618883,-2.918551,1,0.410018,-0.001704,0.453584,-0.088921,-0.190756,-0.666771,-0.297801,-0.622652,-2.860531,-28.014070,L,right,0.410018,0.008296,0.453584,-0.042159,-0.194038,-0.660667,-0.218254,-0.616372,-2.920543
0.337579,0.020741,0.515391,-0.071829,-0.558033,-0.560099,-0.436829,-0.373441,-2.692855,0.490523,0.024719,0.466966,0.022635,0.048333,-0.968740,-0.118432,-0.543171,-2.990822,1,0.385376,0.021984,0.500258,0.006433,-0.358647,-0.654213,-0.176920,-0.453656,-2.934796,41.394818,L,right,0.385376,0.031984,0.500258,0.080328,-0.357914,-0.652259,-0.008657,-0.450523,-3.078141
0.370473,-0.002003,0.465327,-0.123474,-0.352813,-0.559606,-0.383189,-0.579814,-2.783591,0.499035,0.051010,0.468712,0.116341,0.078588,-1.010471,0.063416,-0.529618,-3.136689,1,0.427216,0.021395,0.466821,0.015776,-0.159605,-0.735694,-0.126354,-0.568752,-2.986471,-10.368483,L,left,0.427216,0.011395,0.466821,-0.030520,-0.158640,-0.738785,-0.211349,-0.572730,-2.919872
0.373236,-0.011824,0.444402,-0.155164,-0.297342,-0.540281,-0.395271,-0.658233,-2.793736,0.566187,0.003498,0.486839,-0.061214,0.273339,-1.331679,-0.356549,-0.425046,-2.774595,1,0.431591,-0.007190,0.457237,-0.106167,-0.121824,-0.751133,-0.333310,-0.612054,-2.830715,38.922485,M,left,0.431591,-0.017190,0.457237,-0.147508,-0.116369,-0.760535,-0.403646,-0.619794,-2.777055
0.316516,0.024645,0.474616,0.055589,-0.601063,-0.393125,-0.062985,-0.467247,-3.032427,0.499414,0.028930,0.448247,0.038920,0.105423,-0.979598,-0.081056,-0.587911,-3.023033,1,0.440934,0.027560,0.456678,0.043176,-0.095916,-0.769663,-0.072510,-0.596232,-3.030021,28.565058,M,left,0.440934,0.017560,0.456678,0.000668,-0.096247,-0.770481,-0.147543,-0.598645,-2.972615
0.351527,-0.013884,0.436875,-0.181793,-0.360465,-0.462394,-0.428546,-0.679626,-2.774248,0.497158,0.040622,0.459379,0.079522,0.082996,-0.986372,-0.008641,-0.557322,-3.078690,1,0.416030,0.010258,0.446842,-0.029458,-0.161109,-0.671051,-0.190648,-0.636524,-2.944182,-5.137734,L,left,0.416030,0.000258,0.446842,-0.074368,-0.158524,-0.675994,-0.265138,-0.641733,-2.889044
0.346373,0.013302,0.498546,-0.089390,-0.502387,-0.547135,-0.412363,-0.442407,-2.728458,0.537515,0.034226,0.458061,0.048628,0.210925,-1.148516,-0.070530,-0.524099,-3.028360,1,0.436357,0.023152,0.479487,0.019788,-0.148325,-0.787152,-0.127053,-0.528494,-2.982782,20.850551,S,left,0.436357,0.013152,0.479487,-0.026882,-0.147411,-0.790517,-0.218571,-0.532543,-2.908789
0.368627,-0.006953,0.465016,-0.153110,-0.355477,-0.559441,-0.435420,-0.586854,-2.742731,0.526277,-0.011826,0.505127,-0.125894,0.131227,-1.209611,-0.518992,-0.430932,-2.630394,1,0.428798,-0.008813,0.480325,-0.129809,-0.165341,-0.784280,-0.417317,-0.547526,-2.747704,39.955285,S,right,0.428798,0.001187,0.480325,-0.084570,-0.170602,-0.774077,-0.331270,-0.538703,-2.817303
0.287063,0.016288,0.458455,-0.077242,-0.708477,-0.288597,-0.348008,-0.487270,-2.793347,0.503170,-0.001261,0.464488,-0.069268,0.095960,-1.025158,-0.294943,-0.549637,-2.849157,1,0.363060,0.010116,0.460577,-0.050744,-0.378963,-0.516367,-0.246953,-0.578357,-2.892503,28.068850,S,left,0.363060,0.000116,0.460577,-0.112783,-0.373932,-0.525340,-0.357546,-0.589025,-2.806418
0.319592,-0.000904,0.459190,-0.177523,-0.543926,-0.401868,-0.498178,-0.568078,-2.685270,0.546196,0.045692,0.481003,0.082901,0.211909,-1.219729,-0.002770,-0.452863,-3.083158,1,0.474637,0.030978,0.474115,0.048162,-0.012796,-0.918039,-0.070631,-0.530865,-3.028563,-20.651433,L,left,0.474637,0.020978,0.474115,0.008460,-0.013308,-0.918747,-0.148356,-0.533132,-2.965903
0.343695,0.018215,0.467538,-0.005543,-0.471202,-0.463753,-0.176321,-0.532087,-2.943125,0.571519,0.030488,0.468506,0.029362,0.306848,-1.313986,-0.123735,-0.456407,-2.980408,1,0.444123,0.023625,0.467965,0.023824,-0.104420,-0.797034,-0.112644,-0.561889,-2.996763,3.365876,M,right,0.444123,0.033625,0.467965,0.067454,-0.103186,-0.797496,-0.031176,-0.560204,-3.060947
0.323022,-0.001790,0.466902,-0.191546,-0.540617,-0.432092,-0.543540,-0.550440,-2.641268,0.545038,0.034014,0.445402,0.047621,0.252530,-1.165841,-0.069625,-0.548376,-3.030117,1,0.440643,0.017179,0.455512,-0.000639,-0.095175,-0.767913,-0.149041,-0.602392,-2.971828,22.275530,M,right,0.440643,0.027179,0.455512,0.041763,-0.094893,-0.767042,-0.074608,-0.599945,-3.028594
0.351378,-0.000164,0.442358,-0.107471,-0.383172,-0.456721,-0.320814,-0.643683,-2.847211,0.520273,0.010733,0.517683,-0.053345,0.089982,-1.184181,-0.367236,-0.389058,-2.758885,1,0.464987,0.007166,0.493027,-0.056364,-0.067832,-0.920988,-0.300441,-0.489537,-2.834276,2.735959,S,left,0.464987,-0.002834,0.493027,-0.098170,-0.063784,-0.930244,-0.387920,-0.496440,-2.761001
0.342052,0.010163,0.462913,-0.065617,-0.466766,-0.456343,-0.285379,-0.554636,-2.857808,0.556350,-0.007072,0.525465,-0.129523,0.220586,-1.403258,-0.670182,-0.346116,-2.468901,1,0.422793,0.003669,0.486480,-0.079500,-0.200733,-0.763195,-0.332379,-0.519154,-2.812620,-39.281999,S,left,0.422793,-0.006331,0.486480,-0.127144,-0.195364,-0.773962,-0.425964,-0.528654,-2.735852
0.356650,0.026564,0.481605,0.055057,-0.442566,-0.526935,-0.061185,-0.491913,-3.034790,0.529056,0.005380,0.457149,-0.042957,0.186474,-1.117155,-0.246425,-0.542572,-2.887498,1,0.416006,0.019271,0.473185,0.004122,-0.208590,-0.707243,-0.152616,-0.549689,-2.963987,-35.440430,L,right,0.416006,0.029271,0.473185,0.054693,-0.208081,-0.706232,-0.056248,-0.547024,-3.040722
0.324614,0.011864,0.485171,-0.111929,-0.573496,-0.459195,-0.445646,-0.465799,-2.704117,0.507508,0.016072,0.504752,-0.023653,0.057538,-1.100014,-0.259167,-0.430298,-2.861047,1,0.438723,0.014490,0.497388,-0.029546,-0.163669,-0.830156,-0.247251,-0.478655,-2.877754,26.653388,L,right,0.438723,0.024490,0.497388,0.020503,-0.164899,-0.825525,-0.138883,-0.473952,-2.968833
0.380501,-0.012726,0.471468,-0.178504,-0.317436,-0.616622,-0.491207,-0.578785,-2.694258,0.575960,0.046304,0.487717,0.076664,0.303181,-1.365138,-0.019086,-0.398785,-3.068751,1,0.479668,0.017223,0.479712,-0.008245,-0.004460,-0.947416,-0.186923,-0.515840,-2.932716,-36.303706,M,right,0.479668,0.027223,0.479712,0.031415,-0.004651,-0.945365,-0.106889,-0.512956,-2.998141
0.299071,0.014612,0.461747,-0.078418,-0.655196,-0.329148,-0.342355,-0.499596,-2.800496,0.497155,0.038014,0.444878,0.070759,0.105285,-0.968170,-0.023592,-0.597917,-3.067494,1,0.433331,0.030474,0.450313,0.058030,-0.109309,-0.734389,-0.044799,-0.617420,-3.051869,-26.304234,M,left,0.433331,0.020474,0.450313,0.014979,-0.110234,-0.734232,-0.118568,-0.619279,-2.996485
0.372925,-0.017341,0.439698,-0.179308,-0.284683,-0.537459,-0.424435,-0.679525,-2.777356,0.559914,0.007532,0.502521,-0.056624,0.237020,-1.329975,-0.374250,-0.391272,-2.752933,1,0.438617,-0.008603,0.461769,-0.111690,-0.105279,-0.784316,-0.350700,-0.597808,-2.813850,-26.136320,S,left,0.438617,-0.018603,0.461769,-0.152172,-0.099624,-0.794245,-0.420974,-0.605697,-2.759487
0.379603,0.000296,0.452812,-0.093417,-0.297964,-0.563243,-0.306806,-0.620151,-2.853069,0.572009,-0.002499,0.472286,-0.072866,0.309419,-1.338517,-0.360642,-0.455960,-2.776560,1,0.514200,-0.001659,0.466435,-0.070144,0.128558,-1.073011,-0.304047,-0.535269,-2.839133,-42.666639,M,right,0.514200,0.008341,0.466435,-0.036389,0.126024,-1.067038,-0.238062,-0.531270,-2.892691
0.338364,0.029200,0.491044,0.092177,-0.530630,-0.490120,0.018800,-0.439996,-3.101630,0.545712,0.021366,0.450482,0.008058,0.246650,-1.174926,-0.148192,-0.536918,-2.966374,1,0.429628,0.025752,0.473191,0.034468,-0.161511,-0.753343,-0.094870,-0.547693,-3.009961,-12.045927,S,left,0.429628,0.015752,0.473191,-0.012673,-0.161255,-0.755482,-0.184493,-0.551032,-2.938598
0.360553,0.028290,0.483066,0.067107,-0.429081,-0.541756,-0.035927,-0.490096,-3.055698,0.483907,0.020060,0.497921,-0.003405,-0.013620,-0.992953,-0.196406,-0.461378,-2.918920,1,0.441006,0.022922,0.492755,0.014127,-0.151064,-0.825781,-0.148749,-0.488151,-2.961693,-32.113912,L,right,0.441006,0.032922,0.492755,0.063172,-0.150262,-0.825000,-0.044601,-0.485806,-3.048388
0.286175,0.027165,0.521633,0.055768,-0.794114,-0.419594,-0.114806,-0.248499,-2.977347,0.538398,-0.004976,0.478069,-0.084022,0.193408,-1.196988,-0.366112,-0.483181,-2.777023,1,0.437094,0.007933,0.495567,-0.060643,-0.165024,-0.826014,-0.310460,-0.488500,-2.825590,-16.865004,L,right,0.437094,0.017933,0.495567,-0.011611,-0.167636,-0.819052,-0.206299,-0.482239,-2.912824
0.322857,0.016058,0.485144,-0.069724,-0.584974,-0.445584,-0.354912,-0.453651,-2.781135,0.517947,0.006820,0.505927,-0.060046,0.093572,-1.152636,-0.354422,-0.424013,-2.776300,1,0.406623,0.012092,0.494068,-0.047113,-0.270748,-0.717217,-0.280982,-0.488144,-2.850544,32.438668,M,right,0.406623,0.022092,0.494068,0.011114,-0.272846,-0.710938,-0.157129,-0.481676,-2.954121
0.327223,0.012090,0.463548,-0.064422,-0.530928,-0.412416,-0.292669,-0.534968,-2.848453,0.511965,0.033414,0.525322,0.039757,0.051926,-1.149949,-0.123760,-0.365103,-2.974754,1,0.453906,0.026713,0.505909,0.026664,-0.123485,-0.894184,-0.132624,-0.446255,-2.972121,-17.436640,S,right,0.453906,0.036713,0.505909,0.076360,-0.122185,-0.894122,-0.017940,-0.444434,-3.070176
0.306085,0.015905,0.447994,-0.026944,-0.597115,-0.316396,-0.210110,-0.556411,-2.918722,0.534928,0.041102,0.440325,0.071768,0.229927,-1.118282,-0.022664,-0.572435,-3.067831,1,0.390410,0.025190,0.445168,0.044106,-0.247684,-0.578260,-0.067009,-0.635722,-3.036003,0.614427,S,right,0.390410,0.035190,0.445168,0.095835,-0.245283,-0.580247,0.019622,-0.635236,-3.100011
0.356608,0.015320,0.434093,-0.005396,-0.349433,-0.451762,-0.144647,-0.664132,-2.981253,0.498813,-0.010505,0.509481,-0.130979,0.035948,-1.105282,-0.520101,-0.441006,-2.631849,1,0.434880,0.001106,0.475588,-0.079763,-0.143159,-0.786557,-0.314539,-0.551665,-2.833538,33.740916,M,right,0.434880,0.011106,0.475588,-0.034679,-0.146249,-0.779863,-0.229040,-0.545451,-2.902014
0.336588,0.009141,0.465979,-0.082479,-0.493996,-0.447799,-0.325815,-0.540887,-2.822229,0.564592,-0.001954,0.454927,-0.064198,0.304693,-1.275664,-0.306417,-0.508516,-2.832447,1,0.441472,0.004037,0.460895,-0.057824,-0.099311,-0.783806,-0.254876,-0.591551,-2.888356,25.737014,M,left,0.441472,-0.005963,0.460895,-0.099275,-0.095694,-0.790758,-0.327991,-0.597565,-2.831835
0.353332,0.031375,0.469823,0.096314,-0.434561,-0.496489,0.023983,-0.529749,-3.104859,0.513321,0.038508,0.495180,0.065854,0.087043,-1.101822,-0.042077,-0.446229,-3.049577,1,0.407801,0.033804,0.478456,0.080961,-0.244324,-0.687532,-0.006224,-0.528834,-3.080490,3.346844,S,right,0.407801,0.043804,0.478456,0.134856,-0.240241,-0.692171,0.099815,-0.530303,3.117119
0.362573,0.017734,0.510251,-0.051350,-0.454903,-0.613484,-0.341274,-0.412659,-2.786060,0.546876,0.035372,0.463584,0.049933,0.233460,-1.196158,-0.071049,-0.498980,-3.026893,1,0.425985,0.023803,0.494194,0.019417,-0.204721,-0.775875,-0.138590,-0.483811,-2.969839,43.300074,M,right,0.425985,0.033803,0.494194,0.072812,-0.203605,-0.775481,-0.024261,-0.481710,-3.065266
0.376910,0.019614,0.438094,0.017979,-0.281985,-0.523578,-0.107665,-0.657684,-3.007523,0.571742,-0.011052,0.504200,-0.120667,0.286740,-1.419655,-0.573199,-0.381885,-2.568844,1,0.450380,0.008050,0.463023,-0.040586,-0.074341,-0.816951,-0.227380,-0.580423,-2.908276,-31.897558,M,right,0.450380,0.018050,0.463023,0.000795,-0.075677,-0.813408,-0.152331,-0.576523,-2.966765
0.322977,-0.008655,0.442675,-0.199037,-0.490636,-0.384577,-0.484766,-0.638327,-2.717587,0.569704,0.017925,0.532651,-0.048190,0.249573,-1.442884,-0.465544,-0.296390,-2.652359,1,0.421624,0.001972,0.478649,-0.082542,-0.193114,-0.745864,-0.324439,-0.543573,-2.823879,-6.351896,M,left,0.421624,-0.008028,0.478649,-0.129087,-0.187846,-0.755959,-0.412197,-0.552614,-2.753214
0.324699,0.013372,0.457983,-0.048143,-0.532270,-0.392409,-0.253711,-0.549411,-2.882618,0.496257,0.031277,0.480927,0.043970,0.047932,-1.011066,-0.083471,-0.498923,-3.016630,1,0.395497,0.020761,0.467451,0.014549,-0.271909,-0.628435,-0.129627,-0.563870,-2.983500,37.372120,L,right,0.395497,0.030761,0.467451,0.069821,-0.270810,-0.628259,-0.026682,-0.561761,-3.064515
0.298293,0.011367,0.462396,-0.122475,-0.656015,-0.336243,-0.433964,-0.506192,-2.723653,0.543682,0.022143,0.484033,0.003318,0.197754,-1.212820,-0.184725,-0.451960,-2.927950,1,0.465606,0.018714,0.477148,-0.000983,-0.047083,-0.890159,-0.168124,-0.529207,-2.949492,27.950455,S,right,0.465606,0.028714,0.477148,0.040369,-0.046941,-0.888726,-0.086604,-0.526539,-3.015444
0.335331,0.029328,0.497374,0.099423,-0.551866,-0.494323,0.037764,-0.414722,-3.118382,0.531930,-0.018563,0.483305,-0.131534,0.173432,-1.193944,-0.474506,-0.484156,-2.683097,1,0.460481,-0.001158,0.488418,-0.089487,-0.073988,-0.903047,-0.359602,-0.509619,-2.787840,1.693282,L,left,0.460481,-0.011158,0.488418,-0.130177,-0.068754,-0.913900,-0.441326,-0.517614,-2.720082
0.376000,0.007922,0.502277,-0.101830,-0.389592,-0.646919,-0.427942,-0.458668,-2.718123,0.566597,0.050327,0.512571,0.093798,0.249964,-1.364931,0.028375,-0.345838,-3.111137,1,0.490523,0.033402,0.508462,0.049372,-0.003347,-1.033969,-0.083909,-0.424621,-3.012877,-18.191264,M,left,0.490523,0.023402,0.508462,0.005964,-0.003547,-1.036139,-0.188334,-0.427349,-2.922447
0.355673,0.031057,0.493394,0.094301,-0.462916,-0.546916,0.023236,-0.450950,-3.105304,0.520048,0.032297,0.436348,0.047498,0.188897,-1.050104,-0.064456,-0.600370,-3.036366,1,0.429273,0.031613,0.467852,0.062823,-0.153300,-0.744382,-0.039646,-0.563328,-3.054349,-44.905322,S,left,0.429273,0.021613,0.467852,0.016351,-0.154291,-0.744417,-0.125969,-0.565313,-2.986502
0.346257,-0.008159,0.462539,-0.185493,-0.434825,-0.491531,-0.497320,-0.588221,-2.691943,0.519300,0.026842,0.458521,0.027535,0.152048,-1.072449,-0.109044,-0.542735,-2.998317,1,0.439591,0.010719,0.460372,-0.029621,-0.106214,-0.773017,-0.204038,-0.590389,-2.927943,8.990228,L,left,0.439591,0.000719,0.460372,-0.071925,-0.103658,-0.778350,-0.278968,-0.595490,-2.870110
0.372332,-0.011727,0.473686,-0.185083,-0.351033,-0.596184,-0.512031,-0.569785,-2.674077,0.484124,0.048441,0.476509,0.113600,0.019045,-0.962620,0.059216,-0.517813,-3.133715,1,0.418840,0.013304,0.474860,-0.026123,-0.200611,-0.721975,-0.211662,-0.547401,-2.916314,42.441851,L,left,0.418840,0.003304,0.474860,-0.074740,-0.197660,-0.728435,-0.303534,-0.553892,-2.842926
0.347740,0.025075,0.508346,0.024535,-0.514780,-0.555155,-0.154492,-0.394786,-2.949348,0.522568,0.004399,0.486783,-0.057807,0.128914,-1.136865,-0.314553,-0.471673,-2.819244,1,0.431992,0.015110,0.497954,-0.027693,-0.187637,-0.807554,-0.243973,-0.476952,-2.880306,-19.092474,M,right,0.431992,0.025110,0.497954,0.024309,-0.188794,-0.802974,-0.130987,-0.472193,-2.975358
0.358290,0.006514,0.482426,-0.101144,-0.431138,-0.549732,-0.384727,-0.509563,-2.766518,0.524803,0.026798,0.491087,0.020391,0.127998,-1.142423,-0.145972,-0.450208,-2.960981,1,0.431571,0.015441,0.486238,-0.019664,-0.173774,-0.784303,-0.211884,-0.511607,-2.911639,-29.151231,S,left,0.431571,0.005441,0.486238,-0.067719,-0.170999,-0.791018,-0.308509,-0.517926,-2.832345
0.309855,0.003531,0.441243,-0.129242,-0.556637,-0.328163,-0.377789,-0.607132,-2.794442,0.526092,0.000137,0.485378,-0.071612,0.143360,-1.152659,-0.344364,-0.474174,-2.794036,1,0.400913,0.002102,0.459828,-0.078194,-0.235141,-0.643360,-0.288332,-0.600209,-2.863617,-15.040564,M,left,0.400913,-0.007898,0.459828,-0.126791,-0.230124,-0.652068,-0.372330,-0.608865,-2.799197
0.333098,0.022259,0.479440,0.020197,-0.536253,-0.452589,-0.139116,-0.475554,-2.968759,0.544876,0.004288,0.434941,-0.040237,0.268396,-1.158262,-0.226269,-0.581751,-2.909342,1,0.409276,0.015795,0.463433,-0.009878,-0.215566,-0.669945,-0.170686,-0.581381,-2.952898,38.649368,S,right,0.409276,0.025795,0.463433,0.040255,-0.215615,-0.668248,-0.079832,-0.578172,-3.023479
0.373695,0.018843,0.489547,-0.010170,-0.387728,-0.598086,-0.202924,-0.482850,-2.915737,0.521415,0.033049,0.478955,0.045629,0.131833,-1.109244,-0.082192,-0.484581,-3.017016,1,0.428333,0.024097,0.485629,0.023515,-0.184758,-0.769051,-0.123638,-0.509928,-2.984198,38.947147,M,right,0.428333,0.034097,0.485629,0.073938,-0.183459,-0.769191,-0.020801,-0.508118,-3.068469
0.320655,0.018808,0.457598,0.001098,-0.551193,-0.375364,-0.161138,-0.539474,-2.956165,0.577201,0.050084,0.532567,0.090527,0.272509,-1.453788,0.023060,-0.279459,-3.106967,1,0.465580,0.036476,0.499949,0.071393,-0.075980,-0.925902,-0.028556,-0.458952,-3.061322,-30.945130,L,left,0.465580,0.026476,0.499949,0.025660,-0.077189,-0.925916,-0.130959,-0.460804,-2.974567
0.342428,0.024128,0.472864,0.041686,-0.486176,-0.467369,-0.086683,-0.508636,-3.014463,0.570882,0.051975,0.445739,0.095299,0.337609,-1.287200,0.022710,-0.511194,-3.104083,1,0.424492,0.034131,0.463121,0.076373,-0.161018,-0.721322,-0.014085,-0.578383,-3.074579,-43.312447,S,left,0.424492,0.024131,0.463121,0.029684,-0.162588,-0.720410,-0.098869,-0.579761,-3.008757
0.306512,0.030514,0.527865,0.004579,-0.703700,-0.494731,-0.297158,-0.273100,-2.807622,0.550942,0.027832,0.524880,0.006269,0.184346,-1.318518,-0.237386,-0.334906,-2.869508,1,0.464192,0.028784,0.525939,0.027632,-0.109358,-0.969435,-0.149736,-0.385619,-2.952893,-15.660806,S,left,0.464192,0.018784,0.525939,-0.025533,-0.107792,-0.976461,-0.289741,-0.390524,-2.828709
0.349875,0.032674,0.471786,0.109808,-0.451310,-0.489826,0.051401,-0.520078,-3.127285,0.561683,-0.010187,0.446392,-0.085251,0.308948,-1.256522,-0.334132,-0.536147,-2.814437,1,0.470753,0.008214,0.457294,-0.035947,0.000942,-0.883975,-0.216392,-0.587689,-2.917930,31.562157,S,left,0.470753,-0.001786,0.457294,-0.073392,0.003466,-0.889326,-0.283096,-0.592105,-2.866253
0.370248,0.002395,0.450039,-0.085339,-0.328208,-0.526891,-0.290873,-0.624191,-2.866170,0.487961,0.028724,0.441077,0.040844,0.081611,-0.926400,-0.074371,-0.617094,-3.029620,1,0.438439,0.017648,0.444848,0.003925,-0.083227,-0.745923,-0.134533,-0.635507,-2.985920,-10.389234,M,left,0.438439,0.007648,0.444848,-0.037294,-0.082138,-0.748689,-0.203238,-0.638963,-2.935091
0.303640,0.029718,0.532087,0.035746,-0.720627,-0.492447,-0.193950,-0.252006,-2.902909,0.553368,0.034636,0.516589,0.036746,0.198607,-1.309542,-0.136669,-0.352645,-2.962417,1,0.450152,0.032603,0.522994,0.053442,-0.154205,-0.912339,-0.079265,-0.395202,-3.015737,40.552955,S,left,0.450152,0.022603,0.522994,-0.003146,-0.153900,-0.916484,-0.224891,-0.398925,-2.887451
0.361745,0.014928,0.474034,-0.029562,-0.409149,-0.533539,-0.225538,-0.528375,-2.902545,0.508980,0.031314,0.444748,0.045639,0.141067,-1.013986,-0.068905,-0.588777,-3.032449,1,0.423267,0.021775,0.461797,0.019134,-0.164586,-0.714428,-0.117218,-0.584600,-2.994836,-0.942408,L,right,0.423267,0.031775,0.461797,0.065847,-0.163449,-0.714675,-0.033002,-0.582789,-3.059981
0.359276,0.000027,0.451666,-0.108090,-0.371734,-0.497239,-0.334667,-0.616299,-2.830571,0.569461,-0.003100,0.443236,-0.063690,0.335765,-1.283356,-0.293357,-0.530730,-2.847157,1,0.488845,-0.001900,0.446470,-0.066832,0.077999,-0.943877,-0.263944,-0.609982,-2.884375,7.615189,M,right,0.488845,0.008100,0.446470,-0.032186,0.075817,-0.939194,-0.203798,-0.606312,-2.930233
0.306974,-0.007078,0.444695,-0.225183,-0.563539,-0.345884,-0.548799,-0.618628,-2.658750,0.500006,-0.014438,0.477881,-0.121868,0.073975,-1.046489,-0.418396,-0.523963,-2.741154,1,0.408883,-0.010963,0.462215,-0.137724,-0.204685,-0.685728,-0.394994,-0.604409,-2.780034,12.024341,L,right,0.408883,-0.000963,0.462215,-0.091089,-0.210093,-0.676359,-0.313951,-0.595568,-2.842544
0.343677,0.014729,0.500949,-0.085509,-0.516630,-0.544201,-0.413549,-0.430694,-2.725035,0.501249,0.049327,0.468669,0.109454,0.085030,-1.018206,0.049989,-0.528014,-3.125897,1,0.427156,0.033059,0.483847,0.069241,-0.185159,-0.762017,-0.030097,-0.513687,-3.060948,-2.250229,L,left,0.427156,0.023059,0.483847,0.018975,-0.186260,-0.762191,-0.131573,-0.515712,-2.978120
0.299381,-0.004025,0.437496,-0.206884,-0.586554,-0.304581,-0.507354,-0.627207,-2.695760,0.525935,-0.009252,0.489755,-0.105999,0.142297,-1.169982,-0.429254,-0.468182,-2.719052,1,0.373446,-0.005733,0.454581,-0.131664,-0.320380,-0.552420,-0.375525,-0.618976,-2.799102,35.755530,M,left,0.373446,-0.015733,0.454581,-0.184160,-0.312620,-0.564230,-0.462453,-0.631661,-2.733459
0.340673,0.022860,0.525331,-0.077137,-0.553312,-0.597144,-0.488843,-0.346702,-2.639685,0.499552,0.047299,0.440117,0.101491,0.123086,-0.975551,0.030207,-0.608414,-3.108378,1,0.423707,0.035632,0.480796,0.083645,-0.191850,-0.745806,-0.000945,-0.523026,-3.084747,-39.819957,L,left,0.423707,0.025632,0.480796,0.033195,-0.193608,-0.744846,-0.101229,-0.524306,-3.003455
0.354635,0.001595,0.478122,-0.133198,-0.435362,-0.536471,-0.438949,-0.528470,-2.724779,0.578589,0.047853,0.451173,0.081396,0.354068,-1.327779,-0.005785,-0.486977,-3.080703,1,0.460266,0.023413,0.465411,0.021548,-0.047115,-0.852137,-0.116466,-0.564280,-2.993917,18.813927,M,left,0.460266,0.013413,0.465411,-0.018872,-0.046610,-0.854403,-0.191285,-0.567392,-2.935086
0.324300,0.023224,0.457536,0.044391,-0.535116,-0.384638,-0.076581,-0.542138,-3.024284,0.482409,0.012846,0.448281,-0.016018,0.051999,-0.914953,-0.175740,-0.604408,-2.951561,1,0.389877,0.018920,0.453697,0.009200,-0.267004,-0.588933,-0.130516,-0.608435,-2.986537,13.653480,S,left,0.389877,0.008920,0.453697,-0.043827,-0.265536,-0.592549,-0.222136,-0.613348,-2.917131
0.347087,0.022568,0.507779,-0.008083,-0.515838,-0.555531,-0.237795,-0.398959,-2.876019,0.498646,0.035066,0.458578,0.059521,0.087731,-0.989895,-0.046113,-0.558963,-3.049137,1,0.406306,0.027451,0.488554,0.044593,-0.266155,-0.698811,-0.082456,-0.497056,-3.017381,-5.359289,S,left,0.406306,0.017451,0.488554,-0.012925,-0.265814,-0.701806,-0.201809,-0.501132,-2.918752
0.326790,0.020843,0.485528,-0.006183,-0.571972,-0.448580,-0.208358,-0.448136,-2.907256,0.578620,-0.017324,0.506232,-0.143241,0.315346,-1.475864,-0.665396,-0.371337,-2.479718,1,0.409263,0.008343,0.492309,-0.065551,-0.257661,-0.725649,-0.315985,-0.497113,-2.822392,-5.138205,L,right,0.409263,0.018343,0.492309,-0.009669,-0.260594,-0.718132,-0.199192,-0.489712,-2.919642
0.293386,0.020444,0.488693,-0.120157,-0.718268,-0.389076,-0.539448,-0.403335,-2.605135,0.558300,-0.013884,0.450187,-0.097559,0.294612,-1.249411,-0.361352,-0.532767,-2.791122,1,0.440852,0.001335,0.467258,-0.072373,-0.110677,-0.793282,-0.289042,-0.574517,-2.858365,10.310755,L,left,0.440852,-0.008665,0.467258,-0.114246,-0.106379,-0.801478,-0.364650,-0.581401,-2.798984
0.321131,0.032304,0.433099,0.126251,-0.490019,-0.337936,0.070739,-0.633824,-3.137876,0.528628,0.030279,0.504801,0.029113,0.126155,-1.181040,-0.137794,-0.409091,-2.965066,1,0.444372,0.031101,0.475685,0.055566,-0.114871,-0.809412,-0.055494,-0.537031,-3.040984,24.185703,S,right,0.444372,0.041101,0.475685,0.100360,-0.112311,-0.811982,0.031575,-0.536593,-3.110855
0.343307,0.021408,0.471395,0.018519,-0.480005,-0.468160,-0.132420,-0.516044,-2.977453,0.495983,-0.001925,0.486076,-0.082863,0.045446,-1.033235,-0.353365,-0.497620,-2.790757,1,0.407655,0.011574,0.477582,-0.038401,-0.243633,-0.689805,-0.238903,-0.539016,-2.893102,-7.085380,L,right,0.407655,0.021574,0.477582,0.014861,-0.245062,-0.685509,-0.135573,-0.533875,-2.976308
0.348351,0.025025,0.448499,0.053808,-0.414462,-0.444811,-0.053214,-0.602019,-3.045002,0.565618,-0.013535,0.436048,-0.091040,0.336641,-1.263955,-0.333884,-0.556815,-2.818741,1,0.419713,0.012360,0.444409,-0.018870,-0.144246,-0.679967,-0.171257,-0.642938,-2.959420,-34.810445,S,left,0.419713,0.002360,0.444409,-0.062962,-0.142146,-0.684173,-0.243860,-0.647549,-2.906029
0.347683,0.026579,0.465158,0.062566,-0.450346,-0.469829,-0.041615,-0.540864,-3.052222,0.562695,0.047987,0.484182,0.085908,0.263029,-1.298731,0.004308,-0.424983,-3.089240,1,0.434769,0.035250,0.472864,0.077610,-0.141942,-0.771844,-0.012442,-0.546928,-3.075608,19.026526,M,left,0.434769,0.025250,0.472864,0.031358,-0.143538,-0.770933,-0.100725,-0.548313,-3.005327
0.289589,0.003863,0.434119,-0.155761,-0.634767,-0.258844,-0.426746,-0.607082,-2.755203,0.485207,0.019875,0.518674,-0.014636,-0.030800,-1.037852,-0.252543,-0.402985,-2.863424,1,0.378904,0.011174,0.472725,-0.046343,-0.340277,-0.587600,-0.251654,-0.545957,-2.883758,26.727425,S,left,0.378904,0.001174,0.472725,-0.105570,-0.335571,-0.596772,-0.362931,-0.556062,-2.794779
0.314638,-0.004897,0.434181,-0.175427,-0.511600,-0.338573,-0.433332,-0.652835,-2.762728,0.509910,0.049401,0.433735,0.104764,0.166172,-1.011117,0.035514,-0.616010,-3.112216,1,0.402554,0.019549,0.433980,0.016621,-0.181730,-0.605664,-0.107363,-0.675853,-3.009116,11.044261,L,left,0.402554,0.009549,0.433980,-0.030051,-0.180983,-0.607781,-0.181219,-0.679251,-2.956612
0.374059,0.029972,0.514953,0.068216,-0.418908,-0.645953,-0.040979,-0.396104,-3.049467,0.516536,0.040952,0.445976,0.075638,0.164263,-1.047929,-0.015452,-0.577067,-3.073504,1,0.421434,0.033623,0.492018,0.073772,-0.216509,-0.756176,-0.021933,-0.488090,-3.067288,-5.885614,S,right,0.421434,0.043623,0.492018,0.127589,-0.212786,-0.760445,0.092051,-0.489104,3.121181
0.363188,0.010354,0.487895,-0.076232,-0.422244,-0.571281,-0.343689,-0.490336,-2.797613,0.570661,-0.004973,0.523979,-0.123143,0.271371,-1.469471,-0.682124,-0.330378,-2.453724,1,0.498741,0.000340,0.511471,-0.091151,0.027760,-1.094558,-0.431472,-0.427273,-2.708344,-4.958926,L,right,0.498741,0.010340,0.511471,-0.050900,0.023539,-1.083268,-0.333737,-0.420698,-2.794062
0.337301,0.026689,0.498511,0.059094,-0.545914,-0.502063,-0.061952,-0.413376,-3.031542,0.489434,-0.014072,0.440492,-0.105872,0.093786,-0.946614,-0.323753,-0.631035,-2.842233,1,0.400512,0.009753,0.474405,-0.048064,-0.263586,-0.661636,-0.253784,-0.548872,-2.882476,-26.737220,M,left,0.400512,-0.000247,0.474405,-0.100515,-0.259375,-0.670006,-0.352145,-0.557420,-2.803923
0.339999,-0.009525,0.440951,-0.175542,-0.417658,-0.430173,-0.432229,-0.654998,-2.764214,0.525484,0.038329,0.486304,0.062699,0.136842,-1.137658,-0.047940,-0.460296,-3.044930,1,0.454960,0.020134,0.469060,0.007694,-0.070218,-0.838406,-0.144178,-0.556403,-2.971331,-33.006497,L,right,0.454960,0.030134,0.469060,0.049601,-0.069674,-0.837776,-0.065232,-0.554119,-3.033847
0.355233,0.026824,0.490073,0.055280,-0.461049,-0.538583,-0.064361,-0.461831,-3.031076,0.549806,0.026579,0.504386,0.011339,0.197148,-1.273176,-0.190887,-0.390776,-2.916785,1,0.414803,0.026749,0.494455,0.037131,-0.244230,-0.737761,-0.101138,-0.480667,-3.000981,2.553059,L,right,0.414803,0.036749,0.494455,0.094227,-0.242168,-0.738935,0.021766,-0.479670,-3.103705
0.359991,-0.014154,0.458389,-0.195779,-0.369951,-0.529875,-0.495631,-0.615422,-2.701629,0.580731,0.014430,0.434222,-0.012535,0.380974,-1.317803,-0.190461,-0.531272,-2.931539,1,0.444749,-0.003179,0.449109,-0.081364,-0.066297,-0.782823,-0.281960,-0.629082,-2.873940,17.643687,L,left,0.444749,-0.013179,0.449109,-0.120646,-0.062056,-0.790370,-0.347607,-0.635076,-2.824716
0.357472,0.024138,0.507951,0.015131,-0.475302,-0.583698,-0.173979,-0.406919,-2.933146,0.493563,0.034751,0.467426,0.058953,0.058413,-0.981551,-0.048826,-0.538029,-3.046365,1,0.434073,0.030112,0.485141,0.052372,-0.163839,-0.787828,-0.064687,-0.509851,-3.032554,29.905514,S,left,0.434073,0.020112,0.485141,0.003604,-0.164221,-0.789203,-0.163703,-0.512633,-2.951488
0.378540,0.025498,0.497253,0.034739,-0.380610,-0.625096,-0.111339,-0.457298,-2.991010,0.574998,0.042145,0.485036,0.063424,0.301736,-1.355337,-0.051915,-0.407547,-3.040138,1,0.505755,0.036277,0.489342,0.059838,0.068834,-1.061856,-0.053496,-0.468204,-3.040456,-12.448379,M,left,0.505755,0.026277,0.489342,0.021744,0.067898,-1.062008,-0.137181,-0.470158,-2.969980
0.342461,0.028953,0.494735,0.085044,-0.518947,-0.509489,0.002192,-0.432236,-3.087402,0.560804,0.005259,0.514974,-0.074456,0.232409,-1.367235,-0.462423,-0.359484,-2.666652,1,0.486898,0.013279,0.508123,-0.037098,-0.013489,-1.027696,-0.289398,-0.434682,-2.835236,-30.157613,M,left,0.486898,0.003279,0.508123,-0.078803,-0.009913,-1.037338,-0.387336,-0.440929,-2.750289
0.340778,0.023590,0.457448,0.043229,-0.464366,-0.435256,-0.076283,-0.562280,-3.025473,0.481306,0.041368,0.526476,0.088111,-0.050294,-1.033525,0.010776,-0.376882,-3.095091,1,0.425344,0.034288,0.498987,0.075417,-0.212048,-0.781775,-0.019217,-0.466928,-3.069318,-11.695522,L,right,0.425344,0.044288,0.498987,0.130268,-0.208204,-0.786354,0.101790,-0.468093,3.111884
0.369281,0.016792,0.477603,-0.016808,-0.386212,-0.562510,-0.202820,-0.520283,-2.920156,0.563424,0.034483,0.494854,0.039160,0.251985,-1.316550,-0.115401,-0.398386,-2.984064,1,0.440982,0.023326,0.483974,0.018864,-0.139132,-0.810742,-0.132126,-0.514314,-2.977560,7.564352,L,right,0.440982,0.033326,0.483974,0.065949,-0.138101,-0.810563,-0.036848,-0.512288,-3.055406
0.371681,0.013149,0.494096,-0.057140,-0.399477,-0.606913,-0.312206,-0.472984,-2.821480,0.486892,-0.000445,0.488096,-0.080115,0.012868,-1.000343,-0.347686,-0.497127,-2.795495,1,0.406944,0.008988,0.492260,-0.062932,-0.266081,-0.717385,-0.310796,-0.496293,-2.826641,-38.714527,M,left,0.406944,-0.001012,0.492260,-0.116662,-0.260778,-0.728636,-0.420678,-0.506766,-2.735200
0.341881,0.006130,0.455195,-0.086940,-0.450879,-0.444878,-0.311031,-0.585722,-2.842916,0.487762,0.026806,0.517025,0.017840,-0.021521,-1.040455,-0.168407,-0.403583,-2.937766,1,0.437698,0.019710,0.495806,-0.002843,-0.166106,-0.820755,-0.187801,-0.480636,-2.928233,4.107679,S,right,0.437698,0.029710,0.495806,0.047591,-0.166086,-0.818440,-0.079085,-0.477358,-3.019288
0.357095,0.011028,0.453526,-0.042452,-0.388969,-0.484820,-0.224795,-0.597803,-2.912812,0.488031,-0.018777,0.435495,-0.119971,0.099813,-0.938522,-0.340331,-0.647819,-2.833239,1,0.424366,-0.004285,0.444262,-0.090045,-0.124031,-0.704307,-0.288233,-0.650839,-2.873360,32.004491,S,right,0.424366,0.005715,0.444262,-0.047316,-0.127161,-0.698629,-0.218257,-0.645432,-2.924805
0.377458,0.025950,0.437747,0.052326,-0.278609,-0.524907,-0.051702,-0.657757,-3.048109,0.493461,0.036255,0.456430,0.065084,0.074885,-0.967061,-0.035133,-0.568766,-3.058018,1,0.418008,0.029552,0.444278,0.058455,-0.149269,-0.672469,-0.042759,-0.639345,-3.054038,36.061353,L,left,0.418008,0.019552,0.444278,0.013341,-0.150192,-0.672324,-0.117772,-0.641218,-2.998834
0.289356,0.018428,0.458769,-0.035178,-0.700183,-0.289827,-0.257255,-0.483524,-2.869950,0.568718,0.031359,0.516232,0.019905,0.251598,-1.381207,-0.194249,-0.336722,-2.909048,1,0.379167,0.022585,0.477242,0.022934,-0.348628,-0.590868,-0.121719,-0.524191,-2.986796,29.130704,S,right,0.379167,0.032585,0.477242,0.088116,-0.346950,-0.591167,0.007956,-0.522578,-3.091965
0.348602,0.012547,0.497643,-0.090982,-0.492093,-0.551842,-0.411120,-0.448079,-2.730720,0.499290,-0.013765,0.498595,-0.133636,0.049053,-1.085524,-0.493017,-0.470865,-2.663478,1,0.439533,-0.003331,0.498218,-0.114599,-0.154395,-0.852058,-0.429566,-0.490529,-2.723805,3.267956,S,right,0.439533,0.006669,0.498218,-0.067945,-0.159396,-0.840953,-0.331035,-0.481593,-2.806829
0.348333,0.006461,0.460284,-0.084352,-0.434628,-0.473638,-0.312337,-0.573193,-2.839436,0.576220,0.010789,0.481616,-0.036574,0.310171,-1.364253,-0.296336,-0.422204,-2.827320,1,0.499090,0.009324,0.474396,-0.036090,0.066769,-1.017792,-0.241581,-0.521493,-2.888419,30.537321,L,left,0.499090,-0.000676,0.474396,-0.071964,0.069441,-1.024109,-0.312794,-0.525985,-2.830221
0.297218,0.012638,0.466125,-0.121584,-0.667816,-0.341620,-0.445680,-0.490330,-2.709769,0.555169,0.003678,0.487185,-0.060246,0.235978,-1.280700,-0.344175,-0.437543,-2.787688,1,0.454286,0.007182,0.478949,-0.050541,-0.085073,-0.856885,-0.265612,-0.533208,-2.870399,4.544152,S,left,0.454286,-0.002818,0.478949,-0.092278,-0.081501,-0.864545,-0.346394,-0.539490,-2.804945
0.326418,-0.001558,0.452301,-0.158130,-0.502803,-0.404326,-0.438938,-0.595589,-2.742204,0.492813,0.026933,0.491877,0.025617,0.022594,-1.015052,-0.128319,-0.471367,-2.977548,1,0.421998,0.014808,0.475034,-0.018470,-0.190198,-0.732411,-0.197235,-0.546141,-2.927787,-35.627129,M,left,0.421998,0.004808,0.475034,-0.066609,-0.187607,-0.738319,-0.288499,-0.552159,-2.854845
0.375395,0.022080,0.523111,-0.022370,-0.420689,-0.675919,-0.290373,-0.377883,-2.826449,0.495662,0.022597,0.461401,0.015356,0.072892,-0.981473,-0.129826,-0.555620,-2.982676,1,0.459426,0.022441,0.479994,0.014228,-0.071671,-0.870937,-0.139645,-0.522022,-2.972029,-36.149466,S,right,0.459426,0.032441,0.479994,0.057097,-0.070898,-0.870510,-0.054085,-0.519864,-3.041558
